"date","sales","price","mortgage_rate","income","unrate","permit","months_supply","construction_cost","housing_starts","under_construction","log_sales","log_price","log_income","log_permit","log_construction_cost","log_starts","log_under_construction","trend","trend2","month"
2000-01-01,873,163500,8.21,9799.9,4,1727,4.3,144.1,1636,991,6.7719355558396,12.0045682693194,9.19012746052497,7.45414107814668,4.97050750300548,7.40000951716269,6.89871453432999,1,1,"01"
2000-02-01,856,162400,8.325,9837.9,4.1,1692,4.3,144.7,1737,998,6.75227037614174,11.9978177067097,9.19399755263601,7.43366654016617,4.97466263363744,7.4599147662411,6.90575327631146,2,4,"02"
2000-03-01,900,165100,8.24,9864,4,1651,4.3,145.4,1604,988,6.80239476332431,12.0143066299082,9.19664704484418,7.40913644392013,4.97948856509942,7.38025578842646,6.89568269774787,3,9,"03"
2000-04-01,841,162600,8.1525,9913.7,3.8,1597,4.4,145.6,1626,989,6.73459165997295,11.9990484760958,9.20167291788462,7.37588214821501,4.98086313576259,7.39387829010776,6.89669433162271,4,16,"04"
2000-05-01,857,164700,8.515,9954.5,4,1543,4.4,144.9,1575,985,6.75343791859778,12.0118809161657,9.20577998921985,7.34148385236316,4.97604384932664,7.36201055125973,6.89264164117209,5,25,"05"
2000-06-01,793,160100,8.288,9982.3,4,1572,4.8,145,1559,982,6.67582322163485,11.9835538989848,9.20856880367531,7.36010397298915,4.97673374242057,7.35179986905778,6.88959130835447,6,36,"06"
2000-07-01,887,169000,8.1475,10035.9,4,1542,4.1,144.4,1463,979,6.78784498230958,12.0376539939052,9.21392394330753,7.34083555412327,4.97258722645873,7.28824440102012,6.88653164253051,7,49,"07"
2000-08-01,848,166600,8.0275,10098.3,4.1,1552,4.4,143.7,1541,976,6.7428806357919,12.0233510087149,9.2201223718308,7.34729970074316,4.96772779308498,7.34018683532012,6.88346258641309,8,64,"08"
2000-09-01,912,171500,7.912,10110.3,3.9,1570,4,143.4,1507,970,6.81563999007433,12.0523385455881,9.22130998516477,7.35883089834235,4.96563792816552,7.3178761986265,6.87729607149743,9,81,"09"
2000-10-01,933,176300,7.795,10139.2,3.9,1577,4,143.3,1549,972,6.83840520084734,12.079942368386,9.22416437856925,7.36327958696304,4.96494033483413,7.34536484041687,6.87935580446044,10,100,"10"
2000-11-01,880,174700,7.745,10143.5,3.9,1614,4.2,142.7,1551,970,6.77992190747225,12.0708254961221,9.22458838524138,7.3864708488299,4.96074452448279,7.34665516317654,6.87729607149743,11,121,"11"
2000-12-01,983,162000,7.382,10164.3,3.9,1543,3.6,142.5,1532,969,6.89060912014717,11.9953516142145,9.22663685994307,7.34148385236316,4.95934199970871,7.33432935030054,6.87626461189077,12,144,"12"
2001-01-01,936,171300,7.0325,10211.7,4.2,1699,3.8,142,1600,986,6.84161547647759,12.0511716843122,9.23128940072657,7.43779512167193,4.95582705760126,7.37775890822787,6.89365635460264,13,169,"01"
2001-02-01,963,169100,7.05,10223.4,4.2,1656,3.7,142.4,1625,987,6.87005341179813,12.0382455348867,9.23243448944925,7.4121603349452,4.95863999897788,7.39326309476384,6.89467003943348,14,196,"02"
2001-03-01,939,166300,6.952,10254.4,4.3,1659,3.8,142.4,1590,1001,6.84481547920826,12.021548665181,9.23546216074996,7.41397029019044,4.95863999897788,7.37148929521428,6.90875477931522,15,225,"03"
2001-04-01,909,175200,7.0775,10233.1,4.4,1666,3.9,142.5,1649,1007,6.81234509417748,12.0736834574844,9.23338284334429,7.41818082272679,4.95934199970871,7.4079243225596,6.91473089271856,16,256,"04"
2001-05-01,885,175300,7.145,10214.7,4.3,1665,4,144.2,1605,1015,6.78558764500793,12.0742540709093,9.23158313824483,7.41758040241454,4.97120122485085,7.38087903556412,6.92264389147589,17,289,"05"
2001-06-01,882,179400,7.16,10218.1,4.5,1626,4.2,144.3,1636,1013,6.78219205600679,12.0973732286068,9.23191593649386,7.39387829010776,4.97189446577983,7.40000951716269,6.92067150424868,18,324,"06"
2001-07-01,880,175000,7.1275,10370.7,4.6,1598,4.2,143.4,1670,1017,6.77992190747225,12.0725412529057,9.24673980135619,7.37650812632622,4.96563792816552,7.4205789054108,6.92461239604856,19,361,"07"
2001-08-01,866,173700,6.95,10543.1,4.9,1615,4.4,143.3,1567,1011,6.76388490856244,12.0650849522292,9.2632268964983,7.38709023565676,4.96494033483413,7.35691824235602,6.91869521902047,20,400,"08"
2001-09-01,853,166400,6.8175,10452.8,5,1565,4.4,143,1562,1014,6.74875954749168,12.0221498073692,9.25462516408649,7.35564110297425,4.96284463025991,7.35372233039963,6.92165818415113,21,441,"09"
2001-10-01,871,171300,6.6175,10267.7,5.3,1566,4.3,142.3,1540,1008,6.7696419768525,12.0511716843122,9.2367583245794,7.35627987655075,4.95793750509581,7.33953769540767,6.91572344863131,22,484,"10"
2001-11-01,924,168100,6.658,10279.7,5.5,1651,4.1,142.1,1602,1011,6.82871207164168,12.0323143193967,9.23792635570395,7.40913644392013,4.95653103510305,7.3790081276283,6.91869521902047,23,529,"11"
2001-12-01,979,180200,7.065,10298.9,5.7,1680,3.8,141.7,1568,996,6.88653164253051,12.1018226241564,9.23979237239811,7.4265490723973,4.95371214669663,7.35755620091035,6.9037472575846,24,576,"12"
2002-01-01,880,187100,6.9975,10514.7,5.7,1665,4.2,142,1698,996,6.77992190747225,12.1393985122622,9.26052955705932,7.41758040241454,4.95582705760126,7.43720636687129,6.9037472575846,25,625,"01"
2002-02-01,948,191100,6.8925,10531.6,5.7,1787,4,142.2,1829,1005,6.85435450225502,12.1605521302284,9.26213554040389,7.48829351515943,4.95723451736914,7.51152464839087,6.91274282049318,26,676,"02"
2002-03-01,923,183400,7.014,10539,5.7,1691,4.1,143.2,1642,1013,6.82762923450285,12.1194248388045,9.26283794093394,7.43307534889858,4.96424225452655,7.40367029001237,6.92067150424868,27,729,"03"
2002-04-01,936,187100,6.985,10574.2,5.9,1669,4.3,143.5,1592,1011,6.84161547647759,12.1393985122622,9.26617235093466,7.41997992366183,4.96633503519968,7.37274636640433,6.91869521902047,28,784,"04"
2002-05-01,978,181000,6.806,10616.5,5.8,1716,4,143.8,1764,1019,6.88550967003482,12.106252310248,9.27016467362185,7.44775128004791,4.96842344528695,7.47533923656674,6.92657703322272,29,841,"05"
2002-06-01,957,190600,6.65,10648.2,5.8,1758,4.2,144.3,1717,1023,6.86380339145295,12.1579322702022,9.27314614276857,7.47193207824512,4.97189446577983,7.44833386089748,6.93049476595163,30,900,"06"
2002-07-01,956,175600,6.485,10621,5.8,1738,4.2,144.7,1655,1029,6.8627579130514,12.0759639601832,9.27058845232154,7.46049030582534,4.97466263363744,7.41155628781116,6.93634273583405,31,961,"07"
2002-08-01,1014,178900,6.29,10623,5.7,1695,4,145.1,1633,1013,6.92165818415113,12.0945822694968,9.27077674078001,7.43543801981455,4.97742315989014,7.39817409297047,6.92067150424868,32,1024,"08"
2002-09-01,1044,177500,6.0925,10633.6,5.7,1803,3.9,145.4,1804,1024,6.95081476844258,12.0867258878976,9.27177407816028,7.49720722320332,4.97948856509942,7.49776170062257,6.93147180559945,33,1089,"09"
2002-10-01,1006,189200,6.1125,10661.8,5.7,1799,4,145,1648,1026,6.91373735065968,12.1505599355999,9.27442253900005,7.49498623395053,4.97673374242057,7.40731771046942,6.93342302573071,34,1156,"10"
2002-11-01,1024,181200,6.068,10690.9,5.9,1771,4,144.6,1753,1031,6.93147180559945,12.107356672591,9.2771481913078,7.47929963778283,4.97397130972466,7.46908388492123,6.93828448401696,35,1225,"11"
2002-12-01,1048,197600,6.0475,10719.9,6,1896,4,144.3,1788,1033,6.95463886488099,12.1940000642959,9.27985710622307,7.54750168281497,4.97189446577983,7.48885295573346,6.94022246911964,36,1296,"12"
2003-01-01,999,181700,5.916,10710.4,5.8,1808,4,144.4,1853,1049,6.90675477864855,12.1101122543843,9.27897051101701,7.49997654095212,4.97258722645873,7.52456122628536,6.9555926083963,37,1369,"01"
2003-02-01,936,187000,5.8425,10674,5.9,1854,4.5,145.2,1629,1044,6.84161547647759,12.1388638958367,9.27556615689389,7.5251007461258,4.9781121023907,7.39572160860205,6.95081476844258,38,1444,"02"
2003-03-01,999,185100,5.745,10696.5,5.9,1757,4.1,145.2,1726,1044,6.90675477864855,12.1286514985616,9.27767186413647,7.4713630881871,4.9781121023907,7.45356187164337,6.95081476844258,39,1521,"03"
2003-04-01,1012,189500,5.8125,10752.7,6,1803,4.1,145.9,1643,1043,6.91968384984741,12.1521443035046,9.28291216481041,7.49720722320332,4.98292145552874,7.40427911803727,6.94985645500077,40,1600,"04"
2003-05-01,1078,195500,5.484,10832,6.1,1835,3.9,145.8,1751,1047,6.98286275146894,12.1833156584076,9.29025999515206,7.51479976048867,4.98223581957456,7.46794233228585,6.95368421087054,41,1681,"05"
2003-06-01,1193,187900,5.23,10860.6,6.3,1875,3.5,146.1,1867,1064,7.08422642209792,12.1436651854016,9.29289684058056,7.53636393840451,4.98429131875665,7.53208814354172,6.96979066990159,42,1764,"06"
2003-07-01,1168,190200,5.6325,10991.1,6.2,1885,3.6,147,1897,1078,7.06304816338817,12.1558314290934,9.30484113338071,7.54168309988211,4.99043258677874,7.54802896993501,6.98286275146894,43,1849,"07"
2003-08-01,1206,190500,6.264,11066.7,6.1,1966,3.5,147.2,1833,1102,7.09506437728713,12.1574074735489,9.31169587828013,7.58375630070711,4.99179220629478,7.5137092478397,7.00488198971286,44,1936,"08"
2003-09-01,1131,192000,6.1475,10940.8,6.1,1961,3.8,149,1939,1121,7.03085747611612,12.1652506510099,9.30025419944498,7.58120982619635,5.00394630594546,7.56992765524265,7.02197642307216,45,2025,"09"
2003-10-01,1144,194100,5.952,10982.3,6,2012,3.8,149.6,1967,1135,7.04228617193974,12.1761287691571,9.30404016489422,7.60688453121963,5.00796506554038,7.58426481838906,7.0343879299155,46,2116,"10"
2003-11-01,1093,207100,5.9325,11048.4,5.8,1918,4.1,150.2,2083,1158,6.99668148817654,12.2409570473837,9.3100409000818,7.55903825544338,5.01196773933003,7.64156444126097,7.05444965813294,47,2209,"11"
2003-12-01,1129,196000,5.876,11057.2,5.7,1987,4,149.7,2057,1183,7.02908756414966,12.1858699382127,9.31083707846781,7.59438124255182,5.00863329142558,7.62900388965296,7.07580886397839,48,2304,"12"
2004-01-01,1165,209500,5.7125,11051.2,5.7,1952,3.8,150,1911,1191,7.0604763659998,12.2524790183443,9.31029429833471,7.57660976697304,5.01063529409626,7.55538194424027,7.0825485693553,49,2401,"01"
2004-02-01,1159,219600,5.635,11071,5.6,1966,3.7,153.4,1846,1197,7.05531284333975,12.2995629886175,9.31208435585947,7.58375630070711,5.03304888893316,7.5207764150628,7.08757370555797,50,2500,"02"
2004-03-01,1276,209600,5.445,11115.6,5.8,2066,3.6,156.5,1998,1219,7.15148546390474,12.252956231429,9.31610480604798,7.63336964967958,5.05305600998021,7.5999019592085,7.10578612948127,51,2601,"03"
2004-04-01,1186,222300,5.83,11153.3,5.6,2070,4,160.1,2003,1222,7.07834157955767,12.3117830999523,9.31949069722508,7.63530388625941,5.07579862000267,7.60240133566582,7.10824413973154,52,2704,"04"
2004-05-01,1241,211700,6.27,11208.9,5.6,2150,3.8,162.7,1981,1233,7.12367278520461,12.262925457123,9.32446338457886,7.67322312112171,5.09190801422499,7.59135704669855,7.11720550316434,53,2809,"05"
2004-06-01,1180,215700,6.2875,11215.8,5.6,2020,3.9,162,1828,1229,7.07326971745971,12.2816438323772,9.32507877744634,7.61085279039525,5.08759633523238,7.5109777520141,7.11395610956603,54,2916,"06"
2004-07-01,1088,212400,6.056,11240.5,5.5,2112,4.5,162.2,2002,1247,6.99209642741589,12.2662265683499,9.32727860644406,7.65539064482615,5.08883014168131,7.60190195987517,7.12849594568004,55,3025,"07"
2004-08-01,1175,218100,5.8675,11274.6,5.4,2056,4.3,165.9,2024,1238,7.06902342657826,12.2927089521897,9.33030768702316,7.62851762657506,5.1113851971964,7.61283103040736,7.12125245324454,56,3136,"08"
2004-09-01,1214,211600,5.754,11279.6,5.4,2041,4.1,167.2,1905,1247,7.10167597161944,12.2624529789663,9.33075106343039,7.62119516280984,5.1191907006506,7.5522372875608,7.12849594568004,57,3249,"09"
2004-10-01,1305,229200,5.7225,11282.5,5.5,2097,3.9,165.9,2072,1264,7.17395831975679,12.3423502638227,9.33100813170116,7.64826303090192,5.1113851971964,7.63626960337937,7.1420365747068,58,3364,"10"
2004-11-01,1179,224500,5.73,11246.1,5.4,2079,4.3,165.5,1782,1268,7.07242190053737,12.3216309861644,9.32777668086312,7.63964228785801,5.10897119481712,7.48549160803075,7.14519613499717,59,3481,"11"
2004-12-01,1242,229600,5.752,11659,5.4,2082,4.1,166.3,2042,1280,7.12447826249342,12.3440939434275,9.36383369293329,7.64108424917491,5.11379338619888,7.62168499872461,7.15461535691366,60,3600,"12"
2005-01-01,1203,223100,5.71,11226.5,5.3,2139,4.4,168.6,2144,1302,7.09257371597468,12.3153753804206,9.32603233397226,7.66809370908241,5.12752904556775,7.67042852219069,7.17165682276851,61,3721,"01"
2005-02-01,1319,237300,5.6275,11229,5.4,2114,4.3,170.4,2207,1322,7.18462915271731,12.3770804424239,9.32625499657254,7.65633716643018,5.13814861439522,7.69938940625674,7.18690102041163,62,3844,"02"
2005-03-01,1328,229300,5.928,11268.8,5.2,2062,4.1,170,1864,1311,7.19142933003638,12.342786468846,9.32979312399115,7.6314316645769,5.13579843705026,7.53047999524554,7.1785454837637,63,3969,"03"
2005-04-01,1260,236300,5.855,11304.2,5.2,2150,4.3,170,2061,1324,7.13886699994552,12.372857463175,9.33292961705993,7.67322312112171,5.13579843705026,7.63094658089046,7.18841273649695,64,4096,"04"
2005-05-01,1286,228300,5.72,11352.7,5.1,2085,4.2,168.1,2025,1322,7.15929190479756,12.3384158325179,9.33721088008184,7.6425241342329,5.12455904041457,7.61332497954064,7.18690102041163,65,4225,"05"
2005-06-01,1274,226100,5.582,11375.5,5,2178,4.3,167.8,2068,1329,7.14991683613211,12.3287326582661,9.33921719889707,7.68616230349291,5.12277279403311,7.63433723562832,7.19218205871325,66,4356,"06"
2005-07-01,1389,229200,5.695,11387.1,5,2203,4.2,167.2,2054,1338,7.23633934275434,12.3423502638227,9.34023641471637,7.69757534680234,5.1191907006506,7.6275443904885,7.19893124068817,67,4489,"07"
2005-08-01,1255,240100,5.82,11405.3,4.9,2219,4.5,165.9,2095,1356,7.13489085156588,12.3888107822093,9.34183343862506,7.70481192293259,5.1113851971964,7.64730883235624,7.21229446850034,68,4624,"08"
2005-09-01,1244,240400,5.774,11365.2,5,2263,4.7,168.9,2151,1377,7.12608727329912,12.3900594816432,9.33831133402006,7.72444664563354,5.12930682381375,7.67368812926773,7.22766249872865,69,4761,"09"
2005-10-01,1336,243900,6.065,11428.7,5,2170,4.5,171.6,2065,1376,7.19743535409659,12.404513584204,9.34388301453743,7.68248244653451,5.14516618705386,7.63288550539513,7.22693601849329,70,4900,"10"
2005-11-01,1214,237900,6.33,11500.1,5,2218,5,172.7,2147,1395,7.10167597161944,12.379605696291,9.35011100996571,7.70436116791031,5.15155598515263,7.67182679787878,7.24064969425547,71,5041,"11"
2005-12-01,1239,238600,6.272,11535.2,4.9,2120,4.9,173.5,1994,1405,7.12205988162914,12.382543788646,9.35315850899244,7.65917136766606,5.15617759938691,7.59789795052178,7.24779258176785,72,5184,"12"
2006-01-01,1174,244900,6.145,11651.8,4.7,2212,5.3,177.2,2273,1424,7.06817200038804,12.4086052429403,9.36321595349672,7.70165236264223,5.17727903817098,7.72885582385254,7.26122509197192,73,5329,"01"
2006-02-01,1061,250800,6.2525,11702.8,4.8,2141,6.1,177.7,2119,1423,6.96696713861398,12.4324110877409,9.3675834083936,7.66902828858968,5.18009673516061,7.6586995582683,7.26052259808985,74,5476,"02"
2006-03-01,1116,238800,6.324,11747.5,4.7,2118,5.9,178.3,1969,1423,7.01750614294126,12.3833816605006,9.37139573097697,7.65822752616135,5.1834675248691,7.58528107863913,7.26052259808985,75,5625,"03"
2006-04-01,1123,257000,6.5075,11744.4,4.7,1998,6.3,179,1821,1401,7.02375895473844,12.4568313638774,9.37113181021977,7.5999019592085,5.18738580584075,7.50714107972761,7.24494154633701,76,5776,"04"
2006-05-01,1086,238200,6.5975,11736.8,4.6,1905,6.2,179.9,1942,1409,6.99025650049388,12.3808659359033,9.37048448382543,7.5522372875608,5.19240114095649,7.57147364885127,7.25063551189868,77,5929,"05"
2006-06-01,1074,243200,6.682,11751.9,4.6,1867,6.3,180.7,1802,1383,6.97914527506881,12.4016394290741,9.37177020862758,7.53208814354172,5.19683819759818,7.49665243816828,7.23201033166476,78,6084,"06"
2006-07-01,965,238100,6.7625,11746.9,4.7,1763,7.3,182.3,1737,1363,6.87212810133899,12.380446032475,9.37134465497587,7.47477218239787,5.20565368168462,7.4599147662411,7.21744343169653,79,6241,"07"
2006-08-01,1035,243900,6.524,11737,4.7,1722,6.7,182.6,1650,1339,6.94215670569947,12.404513584204,9.37050152410012,7.45124168498768,5.20729796816087,7.40853056689463,7.19967834569117,80,6400,"08"
2006-09-01,1016,226700,6.4025,11800.1,4.5,1655,6.7,183.3,1720,1317,6.92362862813843,12.3313828364956,9.37586328499412,7.41155628781116,5.21112415484566,7.4500795698075,7.18311170174328,81,6561,"09"
2006-10-01,941,250400,6.3575,11853.7,4.4,1570,7.3,182.3,1491,1283,6.84694313958538,12.4308149182081,9.38039533411459,7.35883089834235,5.20565368168462,7.30720231476474,7.15695636461564,82,6724,"10"
2006-11-01,1003,240100,6.24,11901.9,4.5,1535,6.6,179.8,1570,1265,6.91075078796194,12.3888107822093,9.38445333022025,7.3362856600213,5.19184512203752,7.35883089834235,7.14282740116162,83,6889,"11"
2006-12-01,998,244700,6.135,11958.6,4.4,1638,6.5,179.8,1649,1247,6.90575327631146,12.4077882494308,9.38920596379675,7.40123126441302,5.19184512203752,7.4079243225596,7.12849594568004,84,7056,"12"
2007-01-01,891,254400,6.2175,11956.6,4.6,1626,7.2,181.1,1409,1217,6.79234442747081,12.4466631104481,9.38903870615268,7.39387829010776,5.19904936488937,7.25063551189868,7.10414409298753,85,7225,"01"
2007-02-01,828,250800,6.285,11996,4.5,1598,7.9,181.5,1480,1206,6.71901315438526,12.4324110877409,9.3923285398689,7.37650812632622,5.2012556537049,7.29979736675816,7.09506437728713,86,7396,"02"
2007-03-01,833,262600,6.156,12035.1,4.4,1596,7.9,182.5,1495,1192,6.72503364216684,12.4783872408508,9.39558265928111,7.37525577800975,5.20675017302255,7.30988148582479,7.0833878476253,87,7569,"03"
2007-04-01,887,242500,6.18,12052.8,4.5,1470,7.4,183.7,1490,1181,6.78784498230958,12.3987569893597,9.39705227707143,7.29301767977278,5.21330399222108,7.3065313989395,7.07411681619736,88,7744,"04"
2007-05-01,842,245000,6.262,12059.9,4.4,1493,7.8,184,1415,1164,6.73578001424233,12.4090134895269,9.39764117837283,7.30854279753919,5.21493575760899,7.25488481007734,7.05961762829138,89,7921,"05"
2007-06-01,793,235500,6.6575,12053.3,4.6,1407,8.2,184,1448,1161,6.67582322163485,12.3694661924386,9.39709376034745,7.24921505711439,5.21493575760899,7.27793857294566,7.05703698169789,90,8100,"06"
2007-07-01,778,246200,6.695,12066.4,4.7,1361,8.3,184.2,1354,1144,6.65672652417839,12.4138994927325,9.39818000945404,7.21597500265147,5.21602212382121,7.21081845347222,7.04228617193974,91,8281,"07"
2007-08-01,699,236500,6.572,12070.9,4.6,1321,9.2,183.9,1330,1123,6.54965074223381,12.3737034869141,9.39855287634903,7.18614430452233,5.21439213161028,7.1929342212158,7.02375895473844,92,8464,"08"
2007-09-01,686,240300,6.3825,12089.6,4.7,1261,9.2,183.4,1183,1108,6.53087762772588,12.3896434217246,9.40010085786714,7.13966033596492,5.21166955982236,7.07580886397839,7.01031186730723,93,8649,"09"
2007-10-01,727,234300,6.375,12080.4,4.7,1192,8.5,183,1264,1096,6.58892647753352,12.3643576244959,9.39933958352338,7.0833878476253,5.20948615284142,7.1420365747068,6.99942246750796,94,8836,"10"
2007-11-01,641,249100,6.208,12070.1,4.7,1224,9.4,183.3,1197,1080,6.46302945692067,12.4256097012503,9.3984865990614,7.10987946307227,5.21112415484566,7.08757370555797,6.98471632011827,95,9025,"11"
2007-12-01,619,227700,6.095,12120.5,5,1149,9.6,183.5,1037,1059,6.4281052726846,12.3357842520518,9.40265351289779,7.04664727784876,5.21221466749463,6.94408720822953,6.96508034560141,96,9216,"12"
2008-01-01,627,232400,5.758,12137.1,5,1094,9.3,184.3,1084,1041,6.44094654063292,12.3562153039599,9.40402215634077,6.99759598298193,5.21656486467578,6.98841318199959,6.94793706861497,97,9409,"01"
2008-02-01,593,245300,5.9175,12141.8,4.9,1014,9.7,185.7,1103,1025,6.38519439899773,12.4102372302466,9.40440932380377,6.92165818415113,5.22413246835866,7.0057890192535,6.93244789157251,98,9604,"02"
2008-03-01,535,229300,5.97,12145.9,5.1,967,10.5,187.8,1005,1014,6.28226674689601,12.342786468846,9.40474694326045,6.87419849545329,5.23537756677416,6.91274282049318,6.92165818415113,99,9801,"03"
2008-04-01,536,246400,5.9175,12100.8,5,1008,10.3,190.9,1013,1009,6.2841341610708,12.4147115106415,9.40102684510176,6.91572344863131,5.2517497307317,6.92067150424868,6.91671502035361,100,10000,"04"
2008-05-01,504,229300,6.036,12696.2,5.4,995,10.7,195.8,973,991,6.22257626807137,12.342786468846,9.44905801507524,6.90274273715859,5.27709373009641,6.880384082186,6.89871453432999,101,10201,"05"
2008-06-01,487,234300,6.32,12376.6,5.6,1180,10.7,200.4,1046,975,6.18826412308259,12.3643576244959,9.42356287200857,7.07326971745971,5.30031536921071,6.95272864462487,6.88243747099785,102,10404,"06"
2008-07-01,477,237300,6.426,12188.7,5.8,921,10.5,203.4,923,955,6.16751649088834,12.3770804424239,9.40826457199755,6.82546003625531,5.31517448361446,6.82762923450285,6.86171134048073,103,10609,"07"
2008-08-01,435,221000,6.4775,12120.6,6.1,858,11.3,206.5,844,936,6.07534603108868,12.3059179804999,9.40266176334847,6.75460409948796,5.33030041240109,6.73815249459596,6.84161547647759,104,10816,"08"
2008-09-01,433,225200,6.0375,12149,6.1,797,10.9,206.3,820,904,6.07073772800249,12.3247441752477,9.40500214085474,6.68085467879022,5.32933142007721,6.7093043402583,6.80682936039218,105,11025,"09"
2008-10-01,393,213200,6.2,12240.5,6.5,736,11.6,201.8,777,876,5.97380961186926,12.2699859712738,9.4125054049052,6.60123011872888,5.30727710791951,6.65544035036765,6.77536609093639,106,11236,"10"
2008-11-01,389,221600,6.0875,12345.9,6.8,626,11.4,199.6,652,842,5.96357934361845,12.3086292338553,9.42107930313163,6.4393503711001,5.29631536387736,6.48004456192665,6.73578001424233,107,11449,"11"
2008-12-01,377,229600,5.286,12288.8,7.3,554,11.2,194.8,560,806,5.93224518744801,12.3440939434275,9.41644355743494,6.31716468674728,5.27197339120843,6.3279367837292,6.69208374250663,108,11664,"12"
2009-01-01,336,208600,5.0475,12361.5,7.8,545,12.2,193.3,490,783,5.8171111599632,12.2481738215488,9.42234208287155,6.30078579466324,5.26424338621429,6.19440539110467,6.6631326959908,109,11881,"01"
2009-02-01,372,209700,5.13,12241.9,8.3,558,10.5,191.2,582,756,5.91889385427315,12.25343321689,9.41261977277775,6.32435896238131,5.2533200006173,6.36647044773144,6.62804137617953,110,12100,"02"
2009-03-01,339,205100,5.0025,12242.7,8.7,513,11,190.2,505,717,5.82600010738045,12.2312529440605,9.4126851199756,6.24027584517077,5.24807615011129,6.22455842927536,6.57507584059962,111,12321,"03"
2009-04-01,337,219200,4.81,12320,9,521,10.7,188.1,478,677,5.82008293035236,12.297739834056,9.41897923708751,6.25575004175337,5.23697373630699,6.16961073249146,6.51767127291227,112,12544,"04"
2009-05-01,376,222300,4.8575,12500.1,9.4,556,9.3,186.9,540,650,5.9295891433899,12.3117830999523,9.43349192325839,6.32076829425058,5.23057371446152,6.29156913955832,6.47697236288968,113,12769,"05"
2009-06-01,393,214700,5.42,12273.2,9.5,601,8.5,187.1,585,627,5.97380961186926,12.2769969838669,9.4151733023989,6.39859493453521,5.23164323328004,6.37161184723186,6.44094654063292,114,12996,"06"
2009-07-01,411,214200,5.222,12218.7,9.5,595,7.9,187.6,594,611,6.01859321449623,12.2746654369958,9.41072284408779,6.38856140554563,5.23431203657212,6.38687931936265,6.4150969591716,115,13225,"07"
2009-08-01,418,207100,5.1925,12194.8,9.6,616,7.5,188.1,586,588,6.03548143252476,12.2409570473837,9.40876491035153,6.42324696353352,5.23697373630699,6.37331978957701,6.37672694789863,116,13456,"08"
2009-09-01,386,216600,5.0575,12230.6,9.8,609,7.8,189.3,585,576,5.95583736946483,12.285807613549,9.41169628716712,6.4118182677099,5.24333305821528,6.37161184723186,6.35610766069589,117,13689,"09"
2009-10-01,396,215100,4.952,12193.2,10,583,7.4,189.7,534,554,5.98141421125448,12.2788583152558,9.40863369827984,6.36818718635049,5.24544387694097,6.2803958389602,6.31716468674728,118,13924,"10"
2009-11-01,375,218800,4.875,12224.4,9.9,623,7.6,189.2,588,532,5.92692602597041,12.29591334953,9.41118923338402,6.43454651878745,5.24280465661778,6.37672694789863,6.27664348934164,119,14161,"11"
2009-12-01,352,222600,4.93,12280.2,9.9,664,8,189.4,581,517,5.8636311755981,12.3131317178236,9.41574348821346,6.49828214947643,5.24386118075198,6.36475075685191,6.24804287450843,120,14400,"12"
2010-01-01,345,218200,5.03,12285.8,9.8,636,8.1,190.3,614,501,5.84354441703136,12.2931673523811,9.41619940290018,6.45519856334012,5.2486017743021,6.41999492814714,6.21660610108486,121,14641,"01"
2010-02-01,336,221900,4.99,12292,9.8,650,8.3,192.2,604,493,5.8171111599632,12.3099821089207,9.41670392325038,6.47697236288968,5.25853649653619,6.40357419793482,6.20050917404269,122,14884,"02"
2010-03-01,381,224800,4.9675,12340.3,9.9,687,7.1,193.7,636,492,5.9427993751267,12.3229663970017,9.42062560834701,6.53233429222235,5.26631057041295,6.45519856334012,6.19847871649231,123,15129,"03"
2010-04-01,422,208300,5.098,12447.1,9.9,637,6.2,196.5,687,488,6.04500531403601,12.2467346272491,9.42924294303314,6.45676965557216,5.28066243130932,6.53233429222235,6.19031540585315,124,15376,"04"
2010-05-01,280,230500,4.8875,12540.3,9.6,575,9.3,198.9,583,476,5.63478960316925,12.3480061414188,9.43670273734573,6.35437004079735,5.29280218585993,6.36818718635049,6.16541785423142,125,15625,"05"
2010-06-01,305,219500,4.7375,12544.3,9.4,587,8.3,197.2,536,447,5.72031177660741,12.2991075114974,9.43702165812054,6.3750248198281,5.28421844216853,6.2841341610708,6.10255859461357,126,15876,"06"
2010-07-01,283,212100,4.564,12554.2,9.4,579,8.9,195.6,546,443,5.64544689764324,12.2648131405528,9.43781054992789,6.361302477573,5.27607175760072,6.3026189757449,6.09356977004514,127,16129,"07"
2010-08-01,282,226600,4.4275,12591.4,9.5,580,8.8,194.1,599,444,5.64190707093811,12.330941627576,9.44076932022078,6.36302810354046,5.26837349017496,6.39526159811545,6.09582456243222,128,16384,"08"
2010-09-01,317,228000,4.346,12589.9,9.5,563,7.6,193.9,594,439,5.75890177387728,12.3371009079366,9.44065018419509,6.33327962813969,5.26734256224861,6.38687931936265,6.08449941307517,129,16641,"09"
2010-10-01,291,204200,4.225,12592.5,9.4,558,8.2,193.8,543,436,5.67332326717149,12.2268551847127,9.44085667761981,6.32435896238131,5.26682669945667,6.29710931993394,6.07764224334903,130,16900,"10"
2010-11-01,287,219600,4.3,12605.1,9.8,560,8.2,193.6,545,431,5.65948221575962,12.2995629886175,9.44185677295033,6.3279367837292,5.26579417484248,6.30078579466324,6.06610809010375,131,17161,"11"
2010-12-01,326,241200,4.714,12680.6,9.3,632,7,194.2,539,427,5.78689738136671,12.3933817438352,9.44782854548371,6.44888939414686,5.26888855585722,6.289715570909,6.05678401322862,132,17424,"12"
2011-01-01,307,240100,4.755,12740.1,9.1,576,7.3,195.9,630,431,5.7268477475872,12.3888107822093,9.45250977838891,6.35610766069589,5.2776043249505,6.44571981938558,6.06610809010375,133,17689,"01"
2011-02-01,270,220100,4.9525,12776.6,9,542,8.1,198.1,517,424,5.59842195899838,12.3018372675146,9.45537065184785,6.29526600143965,5.2887719537045,6.24804287450843,6.04973345523196,134,17956,"02"
2011-03-01,300,220500,4.836,12742.7,9,583,7.2,199.7,600,420,5.7037824746562,12.303652973869,9.45271383759818,6.36818718635049,5.29681624042177,6.39692965521615,6.04025471127741,135,18225,"03"
2011-04-01,310,224700,4.84,12721.3,9.1,581,6.7,201.1,554,417,5.73657229747919,12.3225214581734,9.45103303292978,6.36475075685191,5.30380229677861,6.31716468674728,6.0330862217988,136,18496,"04"
2011-05-01,305,222000,4.6375,12705.3,9,618,6.6,201.6,561,415,5.72031177660741,12.3104326608544,9.44977450822637,6.42648845745769,5.30628553619721,6.3297209055227,6.0282785202307,137,18769,"05"
2011-06-01,301,240200,4.51,12756.9,9.1,636,6.6,201.9,608,416,5.70711026474888,12.389227188628,9.45382758067398,6.45519856334012,5.30777252531879,6.41017488196617,6.03068526026126,138,19044,"06"
2011-07-01,296,229900,4.545,12805.6,9,621,6.7,202.6,623,417,5.69035945432406,12.3453997107513,9.45763785423249,6.43133108193348,5.31123359181458,6.43454651878745,6.0330862217988,139,19321,"07"
2011-08-01,299,219600,4.27,12799.7,9,647,6.5,202.8,585,414,5.70044357339069,12.2995629886175,9.45717701213305,6.4723462945009,5.31222027171703,6.37161184723186,6.02586597382531,140,19600,"08"
2011-09-01,304,217000,4.106,12781.7,9,610,6.3,202.7,650,417,5.71702770140622,12.2876526325226,9.45576973942939,6.41345895716736,5.31172705345795,6.47697236288968,6.0330862217988,141,19881,"09"
2011-10-01,316,224800,4.0675,12791.9,8.8,671,6,202.7,610,422,5.75574221358691,12.3229663970017,9.45656743709737,6.50876913697168,5.31172705345795,6.41345895716736,6.04500531403601,142,20164,"10"
2011-11-01,328,214300,3.9925,12782.7,8.6,706,5.7,202.2,711,433,5.79301360838414,12.2751321814617,9.4558479732233,6.55961523749324,5.30925730658637,6.56667242980324,6.07073772800249,143,20449,"11"
2011-12-01,341,218600,3.958,12898.5,8.5,697,5.3,202.2,694,434,5.83188247728352,12.2949988547246,9.46486630451906,6.54678541076052,5.30925730658637,6.5424719605068,6.0730445341004,144,20736,"12"
2012-01-01,335,221700,3.915,12967.5,8.3,712,5.3,203.9,723,441,5.81413053182507,12.3090803956044,9.47020150622556,6.56807791141198,5.31762967758041,6.58340922215876,6.08904487544685,145,21025,"01"
2012-02-01,366,239900,3.89,13029.6,8.3,738,4.8,205.1,704,450,5.90263333340137,12.3879774488278,9.47497897125935,6.60394382460047,5.32349766507834,6.55677835615804,6.10924758276437,146,21316,"02"
2012-03-01,354,239800,3.954,13066.4,8.2,806,4.9,205.7,695,458,5.86929691313377,12.3875605215756,9.47779932873893,6.69208374250663,5.32641879665891,6.54391184556479,6.12686918411419,147,21609,"03"
2012-04-01,354,236400,3.91,13116.5,8.2,732,4.9,206.3,753,463,5.86929691313377,12.3732805645141,9.48162625861641,6.59578051396131,5.32933142007721,6.62406522779989,6.13772705408623,148,21904,"04"
2012-05-01,370,239200,3.798,13112.5,8.2,796,4.7,206.5,708,474,5.91350300563827,12.3850553010586,9.48132125270455,6.67959918584438,5.33030041240109,6.56244409369372,6.16120732169508,149,22201,"05"
2012-06-01,360,232600,3.675,13097.2,8.2,794,4.8,206.6,757,486,5.88610403145016,12.3570755190667,9.48015374588548,6.67708346124714,5.33078455668554,6.62936325343745,6.18620862390049,150,22500,"06"
2012-07-01,369,237400,3.55,12999.8,8.2,849,4.6,206.2,740,490,5.91079664404053,12.3775017611577,9.47268925170994,6.74405918631135,5.32884657158286,6.60665018619822,6.19440539110467,151,22801,"07"
2012-08-01,375,253200,3.602,12961.6,8.1,840,4.6,205.5,754,495,5.92692602597041,12.4419349692522,9.46974641907623,6.73340189183736,5.32544603393629,6.62539236800796,6.20455776256869,152,23104,"08"
2012-09-01,385,254600,3.4975,13053.1,7.8,930,4.5,206.6,847,511,5.95324333428778,12.4474489651054,9.47678093243353,6.8351845861473,5.33078455668554,6.74170069465205,6.2363695902037,153,23409,"09"
2012-10-01,358,247200,3.3825,13142,7.8,887,4.9,205.5,915,520,5.8805329864007,12.4179530045657,9.48356848745781,6.78784498230958,5.32544603393629,6.81892406527552,6.25382881157547,154,23716,"10"
2012-11-01,392,245000,3.352,13315.7,7.7,917,4.6,205.6,833,534,5.97126183979046,12.4090134895269,9.49669906915305,6.82110747225646,5.32593253358101,6.72503364216684,6.2803958389602,155,24025,"11"
2012-12-01,399,258300,3.345,13642.7,7.9,941,4.5,206.4,976,551,5.98896141688986,12.4618769790839,9.52095985902256,6.84694313958538,5.32981603360741,6.88346258641309,6.31173480915291,156,24336,"12"
2013-01-01,446,251500,3.414,12845.5,8,940,4,208.4,888,559,6.10031895202006,12.4351982685219,9.4607488344384,6.84587987526405,5.33945930987921,6.78897174299217,6.3261494731551,157,24649,"01"
2013-02-01,447,265100,3.5325,12813.9,7.7,980,4.1,209.1,962,581,6.10255859461357,12.4878623922771,9.4582857982041,6.88755257166462,5.34281260643459,6.86901445066571,6.36475075685191,158,24964,"02"
2013-03-01,444,257500,3.565,12852.1,7.5,936,4.2,209.8,1010,596,6.09582456243222,12.4587749990859,9.46126250109561,6.84161547647759,5.3461546959622,6.9177056098353,6.39024066706535,159,25281,"03"
2013-04-01,441,279300,3.445,12893.4,7.6,1012,4.4,210.7,835,606,6.08904487544685,12.5400417519333,9.46447083151657,6.91968384984741,5.35043532081014,6.72743172485086,6.40687998606931,160,25600,"04"
2013-05-01,428,263700,3.536,12954.2,7.5,1003,4.6,209.5,930,620,6.0591231955818,12.4825673723414,9.46917533887024,6.91075078796194,5.34472373936219,6.8351845861473,6.42971947803914,161,25921,"05"
2013-06-01,470,259800,4.07,12955.7,7.5,942,4.1,208.8,839,629,6.1527326947041,12.4676673832186,9.46929112472829,6.84800527457636,5.34137685600848,6.73221070646721,6.44413125670044,162,26244,"06"
2013-07-01,375,262200,4.37,12941.8,7.3,997,5.5,208.3,880,640,5.92692602597041,12.4768628503117,9.46821766193576,6.90475076996184,5.33897934826693,6.77992190747225,6.46146817635372,163,26569,"07"
2013-08-01,381,255300,4.456,12969.6,7.2,964,5.5,208.9,917,654,5.9427993751267,12.4501946032296,9.47036343643399,6.87109129461055,5.34185566856252,6.82110747225646,6.4831073514572,164,26896,"08"
2013-09-01,403,269800,4.49,13027.5,7.2,1004,5.4,208.9,850,661,5.99893656194668,12.5054362227558,9.47481778678337,6.91174730025167,5.34185566856252,6.74523634948436,6.49375383985169,165,27225,"09"
2013-10-01,444,264300,4.192,12974.6,7.2,1044,4.9,209.3,925,670,6.09582456243222,12.4848401005924,9.4707488790425,6.95081476844258,5.34376862945195,6.82979373751242,6.50727771238501,166,27556,"10"
2013-11-01,446,277100,4.255,12998.9,6.9,1029,5,209.8,1100,687,6.10031895202006,12.5321337308511,9.47262001747898,6.93634273583405,5.3461546959622,7.00306545878646,6.53233429222235,167,27889,"11"
2013-12-01,433,275500,4.4575,13019.1,6.7,1005,5.2,209.8,1002,707,6.07073772800249,12.5263429075751,9.47417278894939,6.91274282049318,5.3461546959622,6.90975328164481,6.56103066589657,168,28224,"12"
2014-01-01,443,269800,4.432,13079.5,6.6,976,5.1,211.7,888,713,6.09356977004514,12.5054362227558,9.47880139798085,6.88346258641309,5.35517017814082,6.78897174299217,6.5694814204143,169,28561,"01"
2014-02-01,420,268400,4.3025,13148,6.7,1039,5.3,212.7,944,714,6.04025471127741,12.5002336840797,9.48402493478411,6.94601399109923,5.35988272220619,6.8501261661455,6.57088296233958,170,28900,"02"
2014-03-01,405,282300,4.3425,13219.9,6.7,1067,5.6,213.4,970,726,6.00388706710654,12.5507256142416,9.48947854908055,6.97260625130175,5.36316833886765,6.87729607149743,6.5875500148248,171,29241,"03"
2014-04-01,403,274500,4.3375,13270.2,6.2,1090,5.7,213.6,1043,743,5.99893656194668,12.5227065399317,9.49327619880273,6.99393297522319,5.36410510708604,6.94985645500077,6.61069604471776,172,29584,"04"
2014-05-01,451,285600,4.192,13312.9,6.3,1018,5.2,214.3,1007,754,6.11146733950268,12.5623475094476,9.49648876894874,6.92559519711047,5.36737690247953,6.91473089271856,6.62539236800796,173,29929,"05"
2014-06-01,418,287000,4.1625,13360.4,6.1,1010,5.7,214.5,911,771,6.03548143252476,12.5672374947418,9.5000503867622,6.9177056098353,5.36830973836807,6.81454289725996,6.64768837356333,174,30276,"06"
2014-07-01,402,280400,4.13,13386.8,6.2,1076,6.2,214.8,1085,790,5.99645208861902,12.5439724341426,9.50202442580726,6.98100574072173,5.36970736263471,6.98933526597456,6.67203294546107,175,30625,"07"
2014-08-01,456,291700,4.115,13445.9,6.1,1047,5.4,215.5,984,793,6.12249280951439,12.5834811558558,9.5064295058453,6.95368421087054,5.3729609095438,6.89162589705225,6.67582322163485,176,30976,"08"
2014-09-01,470,261500,4.1625,13486.3,5.9,1077,5.4,215.7,1023,797,6.1527326947041,12.4741895624871,9.50942963433852,6.98193467715639,5.37388855339511,6.93049476595163,6.68085467879022,177,31329,"09"
2014-10-01,476,297000,4.036,13550.7,5.7,1094,5.3,215.9,1074,806,6.16541785423142,12.6014874177848,9.51419348549009,6.99759598298193,5.37481533752076,6.97914527506881,6.69208374250663,178,31684,"10"
2014-11-01,442,298300,3.9975,13624.4,5.8,1059,5.7,215.8,1001,814,6.0913098820777,12.6058549705028,9.51961758186455,6.96508034560141,5.37435205282403,6.90875477931522,6.70196036600254,179,32041,"11"
2014-12-01,497,301500,3.864,13719.1,5.6,1072,5.1,215.5,1073,826,6.20859002609663,12.6165252951494,9.52654430146062,6.97728134163075,5.3729609095438,6.9782137426307,6.71659477352098,180,32400,"12"
2015-01-01,515,292000,3.67,13797.7,5.7,1049,4.8,215.8,1085,830,6.24416690066374,12.5845090812504,9.5322571905882,6.9555926083963,5.37435205282403,6.98933526597456,6.72142570079064,181,32761,"01"
2015-02-01,540,286600,3.71,13848,5.5,1127,4.5,215.3,886,830,6.29156913955832,12.5658427943762,9.53589609685605,7.02731451403978,5.37203240437032,6.78671695060508,6.72142570079064,182,33124,"02"
2015-03-01,480,286600,3.77,13811.3,5.4,1072,5.1,215,960,843,6.17378610390194,12.5658427943762,9.53324237665796,6.97728134163075,5.37063802812766,6.86693328446188,6.73696695800186,183,33489,"03"
2015-04-01,502,294500,3.672,13842,5.4,1166,4.9,214.5,1190,868,6.21860011969173,12.5930342820738,9.53546272740181,7.06133436691044,5.36830973836807,7.08170858610557,6.76619171466035,184,33856,"04"
2015-05-01,502,287500,3.84,13865.6,5.6,1272,5,213.7,1079,878,6.21860011969173,12.5689781392195,9.53716623154559,7.14834574390007,5.3645731623251,6.98378996525813,6.77764659363512,185,34225,"05"
2015-06-01,480,285100,3.9825,13874.1,5.3,1379,5.4,213.7,1205,896,6.17378610390194,12.5605952749008,9.53777907164595,7.2291138777933,5.3645731623251,7.09423484592476,6.79794041297493,186,34596,"06"
2015-07-01,506,292300,4.046,13905.7,5.2,1140,5.2,213.7,1146,908,6.22653666928747,12.5855359510993,9.54005410700471,7.03878354138854,5.3645731623251,7.04403289727469,6.81124437860129,187,34969,"07"
2015-08-01,518,293000,3.905,13935.8,5.1,1165,5,213.3,1130,921,6.24997524225948,12.5879278879992,9.54221634766898,7.0604763659998,5.3626996254773,7.02997291170639,6.82546003625531,188,35344,"08"
2015-09-01,456,299500,3.89,13972.2,5,1144,5.9,212.5,1224,939,6.12249280951439,12.6098696965376,9.54482492016725,7.04228617193974,5.35894198836447,7.10987946307227,6.84481547920826,189,35721,"09"
2015-10-01,482,298000,3.796,13996.9,5,1160,5.6,212.4,1058,943,6.1779441140506,12.6048487654875,9.54659115550704,7.05617528410041,5.35847128936778,6.96413561241824,6.84906628263346,190,36100,"10"
2015-11-01,504,312600,3.9425,13993.4,5.1,1244,5.5,211.7,1172,962,6.22257626807137,12.6526796969695,9.54634106886858,7.12608727329912,5.35517017814082,7.06646697013696,6.86901445066571,191,36481,"11"
2015-12-01,546,297100,3.964,14060.2,5,1211,5.1,210.9,1146,970,6.3026189757449,12.6018240614507,9.55110339001455,7.09920174355309,5.35138408748473,7.04403289727469,6.87729607149743,192,36864,"12"
2016-01-01,505,288400,3.8725,14121.1,4.8,1171,5.6,211.4,1092,968,6.22455842927536,12.5721036843929,9.55542541169562,7.06561336359772,5.35375207343614,6.99576615630485,6.87523208727658,193,37249,"01"
2016-02-01,517,305800,3.66,14135.3,4.9,1172,5.5,211.3,1225,982,6.24804287450843,12.6306865724771,9.55643049381474,7.06646697013696,5.35327892462201,7.11069612297883,6.88959130835447,194,37636,"02"
2016-03-01,532,303200,3.694,14135.4,5,1118,5.5,211.6,1111,987,6.27664348934164,12.6221479327504,9.55643756827699,7.01929665371504,5.35469769998414,7.01301578963963,6.89467003943348,195,38025,"03"
2016-04-01,576,318300,3.605,14106.2,5.1,1160,5,212.7,1163,998,6.35610766069589,12.6707496132702,9.55436969603143,7.05617528410041,5.35988272220619,7.05875815251866,6.90575327631146,196,38416,"04"
2016-05-01,571,295200,3.6,14095.5,4.8,1205,5.1,213.7,1148,1010,6.34738920965601,12.5954083717085,9.55361087649123,7.09423484592476,5.3645731623251,7.04577657687951,6.9177056098353,197,38809,"05"
2016-06-01,557,311200,3.568,14104.9,4.9,1208,5.3,214.6,1203,1016,6.32256523992728,12.6481910712864,9.55427753372646,7.09672137849476,5.3687758301966,7.09257371597468,6.92362862813843,198,39204,"06"
2016-07-01,628,297400,3.44,14160.1,4.8,1198,4.5,215.3,1239,1033,6.4425401664682,12.6028333130082,9.55818342936967,7.0884087786754,5.37203240437032,7.12205988162914,6.94022246911964,199,39601,"07"
2016-08-01,575,298900,3.435,14176.7,4.9,1201,5,216,1171,1038,6.35437004079735,12.607864348272,9.55935505085825,7.09090982207998,5.37527840768417,7.06561336359772,6.94505106372583,200,40000,"08"
2016-09-01,558,314800,3.46,14209.1,5,1303,5.2,215.3,1068,1038,6.32435896238131,12.6596927955254,9.56163788340626,7.17242457712485,5.37203240437032,6.97354301952014,6.94505106372583,201,40401,"09"
2016-10-01,575,302800,3.47,14235.4,4.9,1254,5.2,214.8,1313,1053,6.35437004079735,12.6208278005454,9.56348709907147,7.13409372119287,5.36970736263471,7.1800698743028,6.95939851213398,202,40804,"10"
2016-11-01,571,315000,3.77,14273.6,4.7,1230,5.2,214.5,1140,1042,6.34738920965601,12.6603279178078,9.56616695615952,7.11476944836646,5.36830973836807,7.03878354138854,6.94889722231331,203,41209,"11"
2016-12-01,561,327000,4.198,14313.7,4.7,1248,5.4,215.5,1252,1057,6.3297209055227,12.6977154498794,9.56897239957675,7.12929754892937,5.3729609095438,7.13249755166004,6.96318998587024,204,41616,"12"
2017-01-01,573,315200,4.15,14373.7,4.7,1303,5.4,217.3,1190,1063,6.35088571671474,12.6609626369659,9.57315542679347,7.17242457712485,5.38127888726238,7.08170858610557,6.96885037834195,205,42025,"01"
2017-02-01,587,298000,4.1675,14416.8,4.6,1234,5.3,218.8,1271,1070,6.3750248198281,12.6048487654875,9.57614947220406,7.11801620446533,5.38815807054783,7.14755927118945,6.97541392745595,206,42436,"02"
2017-03-01,632,321700,4.196,14476.3,4.4,1272,5,219.7,1190,1071,6.44888939414686,12.6813747132271,9.58026810842579,7.14834574390007,5.39226297939056,7.08170858610557,6.97634807044775,207,42849,"03"
2017-04-01,598,311100,4.045,14509.3,4.4,1251,5.4,221,1146,1075,6.39359075395063,12.6478696828857,9.5825451021232,7.13169851046691,5.39816270151775,7.04403289727469,6.98007594056176,208,43264,"04"
2017-05-01,635,323600,4.01,14610.7,4.4,1208,5.1,221.7,1157,1071,6.45362499889269,12.6872634641665,9.58950941598576,7.09672137849476,5.40132511662227,7.05358572719368,6.97634807044775,209,43681,"05"
2017-06-01,619,315200,3.904,14618.7,4.3,1353,5.3,221.9,1249,1073,6.4281052726846,12.6609626369659,9.59005681006157,7.21007962817079,5.40222682993855,7.13009851012558,6.9782137426307,210,44100,"06"
2017-07-01,572,322900,3.9675,14660.2,4.3,1256,5.8,221.9,1206,1075,6.3491389913798,12.6850979567464,9.59289161791239,7.13568734702814,5.40222682993855,7.09506437728713,6.98007594056176,211,44521,"07"
2017-08-01,556,314200,3.88,14678.3,4.4,1319,6.1,222.4,1159,1083,6.32076829425058,12.6577850048037,9.59412549164801,7.18462915271731,5.40447756237643,7.05531284333975,6.98749024700099,212,44944,"08"
2017-09-01,637,331500,3.805,14706,4.3,1273,5.3,223.1,1181,1093,6.45676965557216,12.7113830886081,9.59601085275617,7.14913159855741,5.40762010143849,7.07411681619736,6.99668148817654,213,45369,"09"
2017-10-01,626,319500,3.895,14748.6,4.2,1356,5.5,223.9,1257,1101,6.4393503711001,12.6745125527997,9.59890344200899,7.21229446850034,5.41119952360471,7.13648320859025,7.00397413672268,214,45796,"10"
2017-11-01,711,343400,3.922,14771.1,4.2,1299,4.8,223.9,1273,1107,6.56667242980324,12.7466512274455,9.60042784804002,7.1693500166706,5.41119952360471,7.14913159855741,7.00940893270864,215,46225,"11"
2017-12-01,630,343300,3.95,14797.9,4.1,1311,5.6,224.1,1177,1100,6.44571981938558,12.7463599794458,9.60224055779271,7.1785454837637,5.41209238080688,7.07072410726028,7.00306545878646,216,46656,"12"
2018-01-01,590,329600,4.0325,14886.6,4,1317,6,225.8,1299,1105,6.38012253689976,12.7056350770175,9.60821675843567,7.18311170174328,5.41964965171556,7.1693500166706,7.00760061395185,217,47089,"01"
2018-02-01,618,327200,4.33,14921.1,4.1,1321,5.7,228.7,1277,1109,6.42648845745769,12.6983268837107,9.61053159758164,7.18614430452233,5.43241110102874,7.15226885603254,7.01121398735037,218,47524,"02"
2018-03-01,679,335400,4.444,14974.8,4,1385,5.2,231.3,1318,1121,6.5206211275587,12.7230791283712,9.61412406730181,7.23345541862144,5.44371556923739,7.18387071506245,7.02197642307216,219,47961,"03"
2018-04-01,642,314400,4.4675,15007.2,4,1378,5.6,232.4,1276,1124,6.46458830368996,12.6584213395372,9.6162853649212,7.2283884515736,5.44846002497776,7.15148546390474,7.02464903045364,220,48400,"04"
2018-05-01,662,316700,4.586,15057.8,3.8,1338,5.5,236.8,1357,1131,6.49526555593701,12.6657102325267,9.6196514083455,7.19893124068817,5.46721590300985,7.21303165983487,7.03085747611612,221,48841,"05"
2018-06-01,636,310500,4.57,15119.3,4,1345,5.8,239.2,1192,1126,6.45519856334012,12.6459391803557,9.62372735236552,7.20414929203594,5.47730002207648,7.0833878476253,7.02642680869964,222,49284,"06"
2018-07-01,628,327500,4.5275,15184.7,3.8,1334,6,239.6,1208,1127,6.4425401664682,12.6992433340574,9.6280436209462,7.19593722647557,5.47897086624129,7.09672137849476,7.02731451403978,223,49729,"07"
2018-08-01,593,321400,4.55,15238.6,3.8,1273,6.5,239.4,1288,1129,6.38519439899773,12.6804417322855,9.63158696150387,7.14913159855741,5.47813579312387,7.1608459066643,7.02908756414966,224,50176,"08"
2018-09-01,595,328300,4.6275,15237.5,3.7,1314,6.6,240,1250,1135,6.38856140554563,12.7016831034897,9.63151477378953,7.18083119904456,5.48063892334199,7.13089883029635,7.0343879299155,225,50625,"09"
2018-10-01,554,328300,4.83,15274.1,3.8,1272,7.2,238.7,1221,1141,6.31716468674728,12.7016831034897,9.63391386250036,7.14834574390007,5.47520753334478,7.1074254741107,7.03966034986208,226,51076,"10"
2018-11-01,625,308500,4.866,15315.2,3.8,1340,6.4,238.8,1181,1144,6.4377516497364,12.6394771223276,9.636601078274,7.20042489294496,5.47562638151845,7.07411681619736,7.04228617193974,227,51529,"11"
2018-12-01,546,329700,4.6375,15506.5,3.9,1317,7.6,238.3,1095,1148,6.3026189757449,12.7059384290598,9.64901456984138,7.18311170174328,5.4735303841047,6.9985096422506,7.04577657687951,228,51984,"12"
2019-01-01,595,305400,4.464,15536.3,4,1254,7,238.5,1226,1150,6.38856140554563,12.6293776717667,9.65093450033437,7.13409372119287,5.4743693103284,7.11151211649616,7.0475172213573,229,52441,"01"
2019-02-01,648,320800,4.37,15560.4,3.8,1286,6.3,238.1,1121,1140,6.47389069635227,12.6785731549745,9.65248450434284,7.15929190479756,5.47269075349282,7.02197642307216,7.03878354138854,230,52900,"02"
2019-03-01,718,310600,4.265,15566.5,3.8,1295,5.6,238.1,1191,1125,6.57646956904822,12.6462611896967,9.65287644829345,7.16626597413364,5.47269075349282,7.0825485693553,7.02553831463852,231,53361,"03"
2019-04-01,702,339000,4.1425,15534.2,3.7,1322,5.7,237.2,1272,1124,6.55393340402581,12.7337553863626,9.65079932388062,7.18690102041163,5.46890366712357,7.14834574390007,7.02464903045364,232,53824,"04"
2019-05-01,618,312700,4.072,15532.4,3.6,1347,6.5,237.3,1293,1132,6.42648845745769,12.6529995434459,9.65068344380349,7.20563517641036,5.46932516344172,7.16472037877186,7.03174125876313,233,54289,"05"
2019-06-01,729,311800,3.8025,15562.1,3.6,1299,5.4,236.3,1243,1143,6.59167373200866,12.6501172356058,9.6525937500655,7.1693500166706,5.46510218419286,7.12528309151071,7.04141166379481,234,54756,"06"
2019-07-01,648,308300,3.765,15581.4,3.7,1379,6.1,235.6,1240,1146,6.47389069635227,12.6388286138742,9.653833174181,7.2291138777933,5.46213545177743,7.12286665859908,7.04403289727469,235,55225,"07"
2019-08-01,712,327000,3.616,15664.3,3.6,1482,5.5,234.4,1375,1149,6.56807791141198,12.6977154498794,9.65913951678301,7.30114780585603,5.45702905770286,7.22620901010067,7.04664727784876,236,55696,"08"
2019-09-01,712,315700,3.605,15697.5,3.5,1469,5.4,234.4,1311,1162,6.56807791141198,12.6625476745461,9.66125674298826,7.29233717617388,5.45702905770286,7.1785454837637,7.05789793741186,237,56169,"09"
2019-10-01,722,322400,3.688,15718.1,3.6,1523,5.3,233.8,1325,1159,6.58202513889283,12.6835482896146,9.66256819353847,7.32843735289516,5.45446604903797,7.18916773842032,7.05531284333975,238,56644,"10"
2019-11-01,713,328000,3.695,15766.9,3.6,1535,5.4,232.8,1353,1166,6.5694814204143,12.7007688873663,9.66566808485674,7.3362856600213,5.45017971585728,7.21007962817079,7.06133436691044,239,57121,"11"
2019-12-01,700,329500,3.72,15683.8,3.6,1443,5.5,232.2,1548,1177,6.5510803350434,12.7053316329247,9.6603836114819,7.27447955877387,5.44759906926379,7.34471905414967,7.07072410726028,240,57600,"12"
2020-01-01,689,328900,3.624,15842.8,3.6,1490,5.7,233.4,1581,1192,6.53524127101366,12.7035090321771,9.67047041742362,7.3065313989395,5.45275371985246,7.36581283720947,7.0833878476253,241,58081,"01"
2020-02-01,707,331800,3.465,15900.3,3.5,1461,5.6,234.6,1549,1214,6.56103066589657,12.7122876567385,9.67409325595485,7.2868764117507,5.45788193621938,7.34536484041687,7.10167597161944,242,58564,"02"
2020-03-01,626,328200,3.45,15702.3,4.4,1351,6.4,236.3,1266,1213,6.4393503711001,12.7013784576381,9.66156247742208,7.2086003379602,5.46510218419286,7.14361760270412,7.10085190894405,243,59049,"03"
2020-04-01,576,309500,3.306,18015.3,14.8,1079,6.8,234.3,936,1194,6.35610766069589,12.6427133711068,9.79897667583288,6.98378996525813,5.45660234551375,6.84161547647759,7.08506429395255,244,59536,"04"
2020-05-01,707,315900,3.2325,17110,13.2,1251,5.3,233.3,1039,1178,6.56103066589657,12.6631809867902,9.74741836688624,7.13169851046691,5.45232517902738,6.94601399109923,7.07157336421153,245,60025,"05"
2020-06-01,901,325500,3.1625,17050.2,11,1333,4,234.8,1266,1184,6.80350525760834,12.6931177406308,9.74391721284814,7.19518732017871,5.45873408795394,7.14361760270412,7.07665381544395,246,60516,"06"
2020-07-01,981,320400,3.016,17202.9,10.2,1539,3.5,237,1526,1204,6.88857245956536,12.6773254941763,9.75283325324054,7.33888813383888,5.46806014113513,7.3304052118444,7.09340462586877,247,61009,"07"
2020-08-01,1016,321400,2.935,16542,8.4,1534,3.4,240.9,1396,1216,6.92362862813843,12.6804417322855,9.71365788025185,7.3356339819272,5.48438190962083,7.24136628332232,7.10332206252611,248,61504,"08"
2020-09-01,979,332200,2.89,16633.7,7.8,1650,3.5,246.9,1473,1221,6.88653164253051,12.7134924761613,9.71918603691671,7.40853056689463,5.50898339635113,7.29505641646263,7.1074254741107,249,62001,"09"
2020-10-01,1031,335000,2.834,16573.6,6.9,1612,3.3,246.4,1543,1229,6.93828448401696,12.7218858108072,9.71556634693168,7.38523092306657,5.50695623165936,7.34148385236316,7.11395610956603,250,62500,"10"
2020-11-01,877,333600,2.765,16381.8,6.7,1692,3.9,244.3,1543,1249,6.77650699237218,12.7176979494667,9.70392624147947,7.43366654016617,5.49839697826369,7.34148385236316,7.13009851012558,251,63001,"11"
2020-12-01,874,339300,2.684,16397.7,6.7,1755,4.1,248,1614,1259,6.77308037565554,12.7346399507723,9.70489636007476,7.47022413589997,5.51342874616498,7.3864708488299,7.13807303404435,252,63504,"12"
2021-01-01,899,354800,2.735,18194,6.4,1856,4,256.4,1624,1278,6.80128303447162,12.7793095294176,9.80884714838201,7.52617891334615,5.54673872504651,7.39264752072162,7.15305163493748,253,64009,"01"
2021-02-01,772,351400,2.81,16697.3,6.2,1703,4.8,264.6,1398,1285,6.64898455002478,12.7696804547351,9.72300230868706,7.44014668066269,5.57821925168086,7.24279792279376,7.15851399732932,254,64516,"02"
2021-03-01,852,342700,3.0825,20520,6.1,1756,4.4,276.7,1688,1304,6.74758652682932,12.7446107078627,9.9291552992847,7.47079377419506,5.62293388679288,7.4312996751559,7.1731917424866,255,65025,"03"
2021-04-01,817,364400,3.06,17420.7,6.1,1710,4.7,291.8,1489,1321,6.70563909486,12.8060074443679,9.76541443329605,7.4442486494967,5.67606863608869,7.30586003268401,7.18614430452233,256,65536,"04"
2021-05-01,717,372700,2.9625,16922.4,5.8,1705,5.5,305.9,1600,1339,6.57507584059962,12.8285290854674,9.73639346707294,7.44132038971762,5.72325825115686,7.37775890822787,7.19967834569117,257,66049,"05"
2021-06-01,714,361100,2.975,16838.1,5.9,1662,5.9,315.7,1664,1372,6.57088296233958,12.7969102072655,9.73139945482759,7.41577697541539,5.75479239556395,7.41697962138115,7.22402480828583,258,66564,"06"
2021-07-01,745,385000,2.868,16949.3,5.4,1666,5.8,313.542,1600,1387,6.61338421837956,12.8609986132699,9.73798181402071,7.41818082272679,5.74793332239149,7.37775890822787,7.23489842031483,259,67081,"07"
2021-08-01,688,402700,2.8425,16917.1,5.1,1740,6.6,313.083,1596,1413,6.53378883793334,12.9059471468395,9.73608022367139,7.46164039220858,5.74646833110614,7.37525577800975,7.25347038268453,260,67600,"08"
2021-09-01,733,398500,2.9,16728.5,4.7,1649,6.1,317.136,1576,1441,6.59714570188665,12.8954627772124,9.72486913066655,7.4079243225596,5.75933070395564,7.36264527041782,7.27309259599952,261,68121,"09"
2021-10-01,689,416800,3.0675,16733.5,4.5,1699,6.7,322.12,1587,1466,6.53524127101366,12.9403617694213,9.72516797712147,7.43779512167193,5.77492414692734,7.36960072052641,7.2902928824466,262,68644,"10"
2021-11-01,782,419600,3.0675,16686.4,4.1,1770,6,328.94,1707,1495,6.66185474054531,12.9470571555043,9.72234929536695,7.47873482556787,5.79587536331312,7.44249272279444,7.30988148582479,263,69169,"11"
2021-12-01,816,410600,3.098,16610.8,3.9,1886,5.7,335.032,1711,1524,6.70441435496411,12.925374783567,9.71780836520428,7.5422134631934,5.81422604965115,7.44483327389219,7.32909373624659,264,69696,"12"
2022-01-01,809,413600,3.445,16206.1,4,1923,5.9,345.742,1693,1547,6.69579891705849,12.9326546021764,9.69314299355575,7.56164174558878,5.84569283217161,7.43425738213314,7.34407285057307,265,70225,"01"
2022-02-01,784,402300,3.7625,16207.6,3.9,1846,6,343.583,1730,1580,6.66440902035041,12.9049533579379,9.69323554701315,7.5207764150628,5.83942871275107,7.45587668749182,7.36518012602101,266,70756,"02"
2022-03-01,710,420100,4.172,16127.2,3.7,1899,6.9,345.852,1700,1629,6.56526497003536,12.9482480571575,9.68826256646621,7.54908271081229,5.84601093788371,7.43838353004431,7.39572160860205,267,71289,"03"
2022-04-01,612,439500,4.9825,16125.5,3.7,1849,8.5,343.786,1807,1668,6.41673228251233,12.9933929961074,9.68815714893518,7.52240023138712,5.84001937076999,7.49942329059223,7.41938058291869,268,71824,"04"
2022-05-01,639,429400,5.23,16103,3.6,1711,8.2,353.015,1546,1681,6.45990445437753,12.9701441644268,9.686760869018,7.44483327389219,5.86651054894835,7.34342622914737,7.42714413340862,269,72361,"05"
2022-06-01,564,431700,5.522,16062.9,3.6,1726,9.4,349.8,1556,1687,6.33505425149806,12.9754861815436,9.68426754405124,7.45356187164337,5.8573615625845,7.34987370473834,7.43070708254597,270,72900,"06"
2022-07-01,535,442900,5.4125,16270.4,3.5,1707,10.3,346.79,1382,1683,6.28226674689601,13.0010992899113,9.69710278503687,7.44249272279444,5.84871940942721,7.23128700432762,7.42833319419081,271,73441,"07"
2022-08-01,634,431900,5.2225,16367.3,3.6,1565,8.8,342.753,1532,1700,6.45204895443723,12.9759493589488,9.70304072090349,7.35564110297425,5.83701007113935,7.33432935030054,7.43838353004431,272,73984,"08"
2022-09-01,552,434200,6.112,16423.8,3.5,1586,10.1,336.464,1481,1704,6.3135480462771,12.9812605364263,9.70648678132312,7.36897040219479,5.81849115970635,7.3004728142678,7.44073370738926,273,74529,"09"
2022-10-01,586,460300,6.9,16476.3,3.6,1583,9.6,333.796,1446,1714,6.37331978957701,13.0396337298053,9.70967826369319,7.36707705988101,5.81053002793245,7.27655640271871,7.44658509915773,274,75076,"10"
2022-11-01,592,427700,6.805,16502.7,3.6,1424,9.3,330.369,1434,1700,6.383506634884,12.966177294215,9.71127928286534,7.26122509197192,5.80021021157906,7.26822302115957,7.43838353004431,275,75625,"11"
2022-12-01,615,427900,6.364,16578.2,3.5,1398,8.8,326.449,1296,1694,6.42162226780652,12.9666448024049,9.71584385826015,7.24279792279376,5.78827373437171,7.16703787691222,7.434847875212,276,76176,"12"
2023-01-01,653,408200,6.2725,16906.9,3.5,1418,8.1,327.338,1358,1691,6.48157712927643,12.9195125293579,9.73547710160959,7.25700270709207,5.79099327620388,7.21376830811864,7.43307534889858,277,76729,"01"
2023-02-01,633,433300,6.2575,16998.2,3.6,1605,8.3,330.532,1395,1683,6.45047042214418,12.979185607728,9.74086273507948,7.38087903556412,5.80070347760016,7.24064969425547,7.42833319419081,278,77284,"02"
2023-03-01,639,438900,6.544,17098.8,3.5,1472,8.1,331.729,1366,1678,6.45990445437753,12.9920268756763,9.74676356458974,7.29437729928882,5.80431837053052,7.21964204013074,7.42535788702715,279,77841,"03"
2023-04-01,656,417200,6.3425,17135.3,3.4,1482,7.8,333.366,1343,1680,6.48616078894409,12.9413210021088,9.74889594217996,7.30114780585603,5.80924098551234,7.20266119652324,7.4265490723973,280,78400,"04"
2023-05-01,736,421200,6.425,17196.7,3.6,1579,6.9,337.473,1609,1690,6.60123011872888,12.950863059242,9.75247278392886,7.36454701425564,5.82148550711241,7.38336814699238,7.43248380791712,281,78961,"05"
2023-06-01,687,417600,6.714,17216.3,3.6,1447,7.5,337.336,1420,1691,6.53233429222235,12.9422793155506,9.75361188846024,7.27724772663148,5.8210794662864,7.25841215059531,7.43307534889858,282,79524,"06"
2023-07-01,727,435800,6.84,17250.6,3.5,1530,7,334.512,1464,1700,6.58892647753352,12.9849387014927,9.7556022044633,7.33302301438648,5.81267275336427,7.28892769452126,7.43838353004431,283,80089,"07"
2023-08-01,645,440900,7.072,17275.3,3.7,1596,8,333.794,1321,1695,6.46925031679577,12.996573371346,9.75703301462112,7.37525577800975,5.81052403623095,7.18614430452233,7.43543801981455,284,80656,"08"
2023-09-01,682,426100,7.2,17282.2,3.7,1530,7.7,332.098,1369,1681,6.52502965784346,12.962429339488,9.75743234906902,7.33302301438648,5.80543010608212,7.22183582528845,7.42714413340862,285,81225,"09"
2023-10-01,689,417500,7.62,17341.3,3.9,1524,7.7,328.743,1380,1682,6.53524127101366,12.942039823273,9.76084621868927,7.32909373624659,5.79527629048961,7.22983877815125,7.42773884053289,286,81796,"10"
2023-11-01,607,429600,7.442,17427.1,3.7,1513,8.9,326.844,1522,1691,6.4085287910595,12.9706098221768,9.76578174486648,7.32184971378836,5.78948299284573,7.32778053842163,7.43307534889858,287,82369,"11"
2023-12-01,634,418300,6.815,17481.7,3.8,1501,8.6,327.644,1504,1681,6.45204895443723,12.9439541574303,9.76890989848524,7.31388683163346,5.79192765309443,7.31588350450979,7.42714413340862,288,82944,"12"
2024-01-01,683,430400,6.6425,17575.4,3.7,1548,8.1,334.374,1378,1670,6.52649485957079,12.9724702878297,9.77425547602158,7.34471905414967,5.81226012699159,7.2283884515736,7.4205789054108,289,83521,"01"
2024-02-01,653,420900,6.776,17596.2,3.9,1570,8.5,337.766,1555,1658,6.48157712927643,12.9501505547587,9.77543824862361,7.35883089834235,5.82235334803508,7.34923082461333,7.41336733569524,290,84100,"02"
2024-03-01,681,436400,6.82,17617,3.9,1477,8.2,330.963,1297,1639,6.52356230614951,12.9863145329411,9.77661962392714,7.29776828253138,5.8020065866516,7.16780918431644,7.40184157874383,291,84681,"03"
2024-04-01,706,415300,6.9925,17638.6,3.9,1456,7.9,330.135,1379,1609,6.55961523749324,12.9367564296188,9.77784496133184,7.28344822875663,5.79950166171475,7.2291138777933,7.38336814699238,292,85264,"04"
2024-05-01,670,414300,7.06,17713.3,3.9,1405,8.3,329.435,1329,1591,6.50727771238501,12.9343456280655,9.78207104882232,7.24779258176785,5.79737906589378,7.19218205871325,7.37211802833779,293,85849,"05"
2024-06-01,683,414000,6.9175,17751.1,4.1,1459,8.2,328.304,1318,1571,6.52649485957079,12.9336212528075,9.78420276481437,7.28550654852279,5.79394000841139,7.18387071506245,7.35946763825562,294,86436,"06"
2024-07-01,732,429000,6.8475,17743.2,4.2,1448,7.6,325.556,1269,1549,6.59578051396131,12.9692121979102,9.783757622911,7.27793857294566,5.78553448986167,7.14598446771439,7.34536484041687,295,87025,"07"
2024-08-01,687,405800,6.5,17752.9,4.2,1492,8.2,324.65,1394,1520,6.53233429222235,12.9136157063739,9.78430416184015,7.30787278076371,5.7827476789545,7.23993259132047,7.32646561384032,296,87616,"08"
2024-09-01,715,421100,6.18,17769.9,4.1,1421,7.9,324.1,1357,1489,6.57228254269401,12.95062561415,9.78526129367085,7.2591161280971,5.7810521101475,7.21303165983487,7.30586003268401,297,88209,"09"
2024-10-01,632,426300,6.428,17810.5,4.1,1435,9.1,325.428,1370,1464,6.44888939414686,12.9628986027533,9.7875434500053,7.26892012819372,5.78514123902402,7.22256601882217,7.28892769452126,298,88804,"10"
2024-11-01,669,397600,6.805,17851.4,4.2,1512,8.8,326.929,1300,1436,6.50578406012823,12.8932017537646,9.78983721550476,7.32118855673948,5.78974302193986,7.17011954344963,7.26961674960817,299,89401,"11"
2024-12-01,702,423000,6.715,17867.9,4.1,1467,8.4,324.621,1494,1430,6.55393340402581,12.9551274580284,9.79076108585908,7.29097477814298,5.7826583479971,7.30921236569276,7.26542972325395,300,90000,"12"
