"industry","CAR","RateVulnerability","MktBeta","SMBBeta","HMLBeta","RMWBeta","CMABeta","HistVol","PreMomentum","n_estimation","TechGrowth","Finance","Defensive","CAR_z","RateVulnerability_z","MktBeta_z","SMBBeta_z","HMLBeta_z","RMWBeta_z","CMABeta_z","HistVol_z","PreMomentum_z","fitted_m2","rv_resid","car_resid","CAR_1","CAR_3_rebuilt","CAR_5","RateVulnerability_long","RateVulnerability_10Y","Z_presample_simple_2Y","Z_presample_2Y","Z_presample_10Y","Z_recent_nonoverlap_2Y","Z_verylong_2Y","Z_precovid_2Y","Z_termspread","RV_early_2Y","RV_late_2Y","RateVulnerability_long_z","RateVulnerability_10Y_z","RateVulnerability_winsor_z","Z_presample_simple_2Y_z","Z_presample_2Y_z","Z_presample_10Y_z","Z_recent_nonoverlap_2Y_z","Z_verylong_2Y_z","Z_precovid_2Y_z","Z_termspread_z","RV_early_2Y_z","RV_late_2Y_z","GoldDummy","FinanceDummy","DefensiveDummy","HighGrowthProxy","HighVolProxy","Z_early_nonoverlap_2Y_z"
"Aero",1.39,2.09019459165842,1.05295138572636,0.368925847794676,0.406415051109368,-0.229724237934589,0.232444937647766,1.69757444312093,-0.0200000000000012,230,0,0,0,1.39789514034312,1.01159368374971,0.34262077497927,0.211272927881702,0.724323771608098,-0.570199872470744,0.33284341077403,-0.235993018712892,0.352861933277374,-1.82684959636806,0.856223595983669,2.27681679787512,-0.94,1.39,1.97,2.36213583735034,1.97842015163421,-23.6953458694987,9.34254213107776,8.34337540849235,4.78319153106604,4.1933540334287,-1.1372436421955,-0.353771747689987,6.09052566078044,2.08393572821913,1.25531469263855,0.655953481345036,1.28551217592331,-0.221189428623866,2.80236011804757,2.52835474381759,0.778601975727454,0.97568365343103,-0.587271200717464,-0.384984966263444,0.523675138244398,0.423857019410201,0,0,0,0,0,2.80236011804757
"Agric",2.18,0.636955182399457,0.833265999397271,-0.0173257150472888,0.684145019210927,-0.294154217297654,0.0210095953321512,1.63175801824658,9.84,230,0,0,0,1.66584523136903,-0.0182208908983207,-0.536997465356429,-0.753702746049593,1.53927185343412,-0.717256536111323,-0.118147556494518,-0.347587719790149,1.37689914161249,0.011043186937032,-0.232525009111983,2.42424192323798,-0.38,2.18,-0.95,0.404255774355663,0.779257688213033,-24.1348912137862,-1.02044241925161,-3.33805520829681,4.12683553375518,0.771614547571747,-1.99770590292347,-3.45922994975172,-4.23314114472013,6.19752281430507,-0.183260970511558,-0.0252151272610873,0.00316034254838862,-0.307925871667471,-0.564886564720259,-1.35706599270379,0.64740937206002,-0.0921718528359658,-0.902413639289573,-1.36374861452271,-0.5025496355485,1.29497729987957,0,0,0,0,0,-0.564886564720259
"Autos",-4.62,-2.97599815031647,1.43834386084026,0.102893670487738,-0.258847590447048,-0.349822238686265,-0.3687101101504,3.52911210987022,-17.09,230,0,0,0,-0.640560615436259,-2.57848176453598,1.88572865512967,-0.453357598646958,-1.2277684615522,-0.844314678575579,-0.949418549386652,2.86946126299299,-1.41998950143667,-7.10519301178093,-0.94966548884371,3.52781401790297,-4.91,-4.62,-6.79,-2.5849999483712,-4.75406752129814,-28.1732564148535,-4.06501571913814,-0.958592216057762,6.27237028075948,-1.94975898586966,-1.97819265475276,1.19620570435491,13.3773917381809,0.84929887571173,-2.37965216674732,-3.16834839643855,-1.81101448975517,-1.10482529923258,-1.55416038778705,-0.565620564902923,1.07625940294522,-0.941457347627772,-0.895266954427671,0.103529606135527,1.24802653710542,0.16240219209611,0,0,0,1,1,-1.55416038778705
"Banks",-3.11,-1.15808938248429,1.1280425952178,0.120849972373516,0.860854450847351,-0.0307074329434411,-0.660183184243546,1.6716258830379,0.369999999999998,230,0,1,0,-0.128402846513319,-1.29025015413075,0.643285278254847,-0.408497211840878,2.05779354317848,-0.11595873131677,-1.57112976463743,-0.279989966456256,0.393366447603003,-0.350561731071737,-0.522741561493697,-2.18552951980654,-2.05,-3.11,-1.15,-0.977019559426779,-1.32476377723908,-32.6658146046678,-1.92224781992629,-1.97024699987037,-3.47542697219782,-1.95310956686326,-1.58002010260046,-1.93184082466074,-3.53934576504051,-4.04363993573844,-1.19816945078365,-1.22037709890133,-1.58080350683699,-1.99135162152255,-0.857910377423656,-0.902112267347069,-0.872132791042861,-0.942502996011581,-0.749437119948244,-0.882353324322678,-0.433582860469037,-0.873758740090584,0,1,0,0,0,-0.857910377423656
"Beer",-2.03,1.14196654704269,0.620489161300033,-0.080167494445967,-0.135203010057646,0.467368044942576,0.465249970689699,1.10152270550468,3.45,230,0,0,1,0.237908670332227,0.339647234861966,-1.38895394292984,-0.910700915791867,-0.864955927113427,1.02086171691532,0.829415865911837,-1.246625480334,0.713248253046427,-2.86808617899454,-0.00113294521303597,0.83933001958027,-1.38,-2.03,-1.57,1.12188374562998,1.20069781976754,-19.0814947426149,2.29391947142716,0.896232755122555,0.973588838599487,4.49078830987992,3.29682782268731,1.65181066652547,-4.46715089032003,4.07383498967941,0.344024716790434,0.214178446819572,0.448787019886879,0.689271893921369,0.512049720157776,0.0513223115358342,0.0171376206962799,1.06850685963179,1.036697865705,0.247125026174676,-0.525811389610113,0.845251186222028,0,0,1,1,0,0.512049720157776
"BldMt",-4.45,1.98660226122486,1.18510631469838,1.00442277336847,0.23733212635945,0.597187853988635,-0.133803909027079,1.8270604681929,-7.45,230,0,0,0,-0.582900469266126,0.938184656288333,0.871767879465851,1.79894048196159,0.228180679321815,1.31716583157587,-0.448364308871619,-0.0164436541101364,-0.418800993490367,-2.76650707717816,1.04654311139027,-2.83247416365472,-3.52,-4.45,-2.57,1.75553365173982,2.33890608978692,-26.6404043493392,1.85974297118174,1.4740683079797,-0.37647518771216,0.941174823766977,0.5949280380523,2.76011324549808,-1.74211756036946,-1.39985450431639,0.809606521884606,0.860722820282649,1.19410134986899,-0.802344252390287,0.370972661412121,0.243519167642107,-0.252713520232169,-0.0392555290399469,0.0471329239643189,0.596434598221147,-0.254929273275573,-0.313893333494181,0,0,0,0,1,0.370972661412121
"Books",0.84,1.62742418637641,0.942822286381795,0.818202758584967,0.18136817057915,0.170850390262572,-0.0607357180216652,1.72736635775109,-9.01,230,0,0,0,1.21134760861622,0.683658929820759,-0.0983351128653117,1.3337053824761,0.0639646290111274,0.3440820960178,-0.292510070988792,-0.185479490911612,-0.580819050792881,-2.00755981775632,0.0712899519090774,2.76929183575738,-0.67,0.84,2.07,1.50771969535879,2.17255408675589,-19.6505051730138,0.24066602131551,-0.209682416066409,-1.54238479080221,-0.0952718723740192,0.0422535061779456,-0.372907497485792,3.23554353245316,-1.35285607270764,0.627522269954793,0.766228733034281,0.877159309999008,0.576987822598727,-0.155114342009074,-0.316521823308009,-0.485755828212797,-0.362709525465164,-0.155282925818831,-0.391016081501087,0.239875453110782,-0.303940636233165,0,0,0,0,1,-0.155114342009074
"Boxes",0.13,-0.926891218885703,0.983001379732436,0.296984011291403,0.312575901049266,0.382106344669146,0.0840809617102345,1.70130393096066,-8.97000000000001,230,0,0,0,0.970531704023319,-1.12641531935491,0.0625416026137555,0.0315400055012554,0.448969851883817,0.826258190692229,0.0163834836725549,-0.229669504765731,-0.576664741631279,-2.63539907879304,-0.910490316411028,3.76501035340793,-2.82,0.13,1.35,-0.860035952328705,1.18249046076024,-23.2959665256963,0.355556017172955,-0.494776224126767,0.522841861699968,1.06184766833565,1.64103615666932,-0.492889323963374,-4.99230992299421,4.03876274938067,-1.11221435407492,0.203835993832835,-1.37679211884777,-0.142379030204885,-0.117783112231075,-0.411348341568495,-0.0729577996806987,-0.00159598129758361,0.430267755737343,-0.4288313868657,-0.578014857589553,0.837824057741129,0,0,0,0,0,-0.117783112231075
"BusSv",-6.4,0.418944170612486,1.0276773684465,0.160671709708274,-0.0159796654856015,-0.0917507038637474,-0.158717882501602,1.78032414069642,-9.61,230,1,0,0,-1.24429626357058,-0.172710864086199,0.241423845236182,-0.309010215493254,-0.515116705109338,-0.255285483365897,-0.501505741485121,-0.0956871940984482,-0.643133688216925,-3.92240700824049,0.143199721309465,-2.63480944245928,-3.29,-6.4,-6.65,0.260358337658456,0.878828884923541,-23.0482893723831,2.59309585673354,2.5181571199591,-2.55235878649575,1.2594144393634,-0.742320310457376,1.6359027633376,-5.01469381279328,-3.13240612958469,-0.288991323629132,0.0313449933142694,-0.189214581280233,-0.0935043564522353,0.609261164032153,0.59079891906264,-0.687629687329351,0.0600606016098481,-0.44263138617443,0.242111248384986,-0.580239929618555,-0.680789870785542,0,0,0,1,1,0.609261164032153
"Chems",-1.24,0.877283119934938,1.02186870375344,0.306188779025698,0.409856234749714,0.048856364520093,-0.0440938190486494,1.49898486566474,-3.99,230,0,0,0,0.505858761358135,0.152083610336848,0.218166005917009,0.0545363576258334,0.734421299167263,0.0656397530724604,-0.257012949113006,-0.57271055655533,-0.0594532510117153,-1.91515254053062,0.247502628690172,0.403423765741729,-2.72,-1.24,1.29,0.656966446956798,1.0936031508386,-26.6747579599025,-2.29524593146937,-3.01665632478342,-1.4683787169141,-0.208508840593616,0.525909969649686,1.81673949552141,-5.25397064956201,0.567663429776895,0.00242120190212245,0.153344715904301,0.215227927109,-0.809123325413558,-0.979108729855069,-1.25016385651313,-0.470963475342762,-0.398048486986367,0.0218552059577965,0.299106515496938,-0.604025259222183,0.102761216101529,0,0,0,0,0,-0.979108729855069
"Chips",-7.07,-1.59290462340048,1.29581046621445,-0.00452376634538457,-0.56664634225455,0.210961656425859,0.55715235685322,2.13195559547975,-10.29,230,1,0,0,-1.47154507494699,-1.59837493351786,1.31502627084809,-0.721719525100638,-2.13094792068151,0.435633095019884,1.02544338702657,0.500519712624598,-0.713756943964175,-5.76316324650782,-0.335832980554113,-0.938131641863217,-3.27,-7.07,-7.16,-1.55140541964308,-2.10332263902873,-27.3422797646041,-1.08363448434248,-0.993569892131424,2.06036513461957,-2.33374337533989,-1.70115460623224,-0.659342005088766,2.4324423574514,2.71925887554431,-1.62020629327585,-1.66262731334701,-1.81101448975517,-0.940846861440795,-0.585419575313981,-0.57725466969627,0.234362743134521,-1.06129108900732,-0.793802369433382,-0.48129315670458,0.160043128300582,0.558397231323689,0,0,0,1,1,-0.585419575313981
"Clths",-2.08,-1.77518883673897,1.21214397117808,0.571552906747898,-0.0055989396119341,0.401981845374678,-0.395006246765503,2.2074276829622,-14.22,230,0,0,0,0.2209498038116,-1.72754768951954,0.98002640413553,0.717497890005939,-0.484656352931522,0.871622551364631,-1.00550813193983,0.628486022833034,-1.12191781909166,-3.55711286921514,-0.973181311904357,2.54555148310256,-3.88,-2.08,1.84,-1.69777556825133,-0.954310536513127,-25.8815849144158,-2.35174228568664,-2.03560497499885,-5.51431814098646,-1.34963871454761,-1.60572348881939,-0.888023643156349,-3.33697168872688,-7.39256199156682,-1.7277535008803,-1.00994596364131,-1.81101448975517,-0.652604755537473,-0.997466101749493,-0.923851319710763,-1.27966687639264,-0.754171980403738,-0.75885092945773,-0.553367955269357,-0.41346585218126,-1.58294852007871,0,0,0,1,1,-0.997466101749493
"Cnstr",-3.31,4.42013696495882,1.16015075383159,1.23749450631821,-0.0906411317418707,0.586877553827424,0.190689876433453,2.04939976996327,-1.39,230,0,0,0,-0.196238312595828,2.66266961716268,0.771846046234045,2.38122564068736,-0.734197199475055,1.29363333384998,0.243779987227314,0.360542606783835,0.210576844492474,-3.59641179031863,2.37219723723351,-2.31798175589284,-3.39,-3.31,-1.37,3.99220547854951,4.70284807490318,-22.1307688859827,5.35316746618931,6.85163357003985,3.05136130888311,6.36231786100587,6.48158308742041,8.21136115554587,10.3611394257513,-1.54838460959114,2.45302774942415,2.20352925556187,2.22445051830048,0.0875519655957293,1.50609179482241,2.03217881615942,0.432443310477193,1.65257328098611,2.20310758079725,2.31453316688384,0.948195778776786,-0.345347046338314,0,0,0,1,1,1.50609179482241
"Coal",0.06,0.575032439683612,1.34745562735102,0.520351973840978,0.79971926961594,-1.32930667940672,2.03890723405292,3.84445865407468,20.81,230,0,0,0,0.94678929089444,-0.0621014397911386,1.52181301492743,0.589582149356933,1.87840347225029,-3.07991548683503,4.18602220986903,3.40414547599036,2.51621842918209,0.826920871971026,-0.729477901812755,0.0339600622807388,-3.02,0.06,7.18,1.15159064585345,1.06877026903594,-28.7727512418397,-3.23290778510092,-7.26315357668805,13.6459580143608,-1.7808974875991,-2.14511600426476,15.569005124663,43.3548912997912,-16.080440212314,0.365852215061061,0.139238721044404,-0.0514808556900756,-1.22312492313169,-1.28378338712824,-2.66261315501065,2.5500939943937,-0.888759098251971,-0.95640226950277,4.63348064105199,4.22794184104559,-3.42275080308863,0,0,0,0,1,-1.28378338712824
"Drugs",-1.28,1.25267181664205,0.50091014822733,-0.13792049960172,-0.226812501564569,-0.0451725324706855,0.221911305341793,1.13158733532805,2.91,230,0,0,1,0.492291668141633,0.41809673148131,-1.86774719730919,-1.05498575612151,-1.13376731931192,-0.148974251370233,0.310375203848479,-1.19564955168788,0.657165079364788,-2.0990884049801,-0.402318662893011,1.26078697570305,-1.39,-1.28,-1.58,1.28388224635244,0.887418936411739,-18.8936170493255,-2.6193479295446,-2.46966703192116,1.30186264284174,-0.373946957740041,0.708915565527154,-0.495821145639714,2.10690108439439,0.287290055509363,0.46305504199313,0.0362244601075987,0.546474368943422,0.726346209586268,-1.08441925816832,-1.06822693364277,0.0827530721750577,-0.449678368533883,0.088880608917799,-0.429755424573912,0.127682676767492,0.043387504711242,0,0,1,1,0,-1.08441925816832
"ElcEq",-5.06,1.45470901577044,1.08784875443898,0.692089692741044,0.0674059205134554,-0.037444627917805,-0.365333161857874,2.07769345182146,-11.49,230,1,0,0,-0.789798640817777,0.561267120997224,0.482349514210738,1.0186360017625,-0.27043686797696,-0.131335880665881,-0.94221552854736,0.408515813705482,-0.838386218812262,-3.5023585797335,0.513015508802007,-2.12087210752103,-5.8,-5.06,-4.06,1.29954103525932,0.976242945641423,-26.7068665035488,-0.610372704656664,-0.064407581908676,-2.95600736223972,-0.348745609971874,-0.0772148498679903,-0.886366518313597,-4.05760201252672,-3.20025063709628,0.474560523386809,0.0866797809030684,0.724753853425843,-0.815459374477406,-0.43164252875096,-0.268201213303281,-0.768311067305257,-0.441813538937469,-0.199037952360802,-0.552845670488439,-0.485100156635542,-0.695157070306297,0,0,0,1,1,-0.43164252875096
"FabPr",4.75,1.80006999429568,1.01249167858351,1.04707722301145,0.365356996959232,-0.643987582210483,-0.0974316255765417,2.81855625153722,7.49,230,0,0,0,2.53753097052927,0.806001585899569,0.180620484490313,1.90550446836349,0.603846378758197,-1.51572532320097,-0.370782334564609,1.66468192773214,1.13283347836832,0.785777643097756,-0.261150136281722,4.25093448979282,-4.08,4.75,8.6,1.98555927374008,2.64924055402216,-26.239238707432,0.161764068012463,3.46170028023261,13.1960370227543,0.58091463611401,-1.07585487040808,-2.69548812221313,16.4453615394678,6.99575222344265,0.978620583555168,1.03700426808794,1.02950356029887,-0.723181359863834,-0.180751969782545,0.904635663978162,2.46016367216716,-0.151685428120255,-0.564787696065365,-1.12303607266541,1.55299827579536,1.46401561418167,0,0,0,0,1,-0.180751969782545
"Fin",-0.35,0.0162726209924745,1.09640702773197,-0.0577639950530064,0.515747942315595,-0.149452743691135,-0.510264565609465,1.69387086623704,0.419999999999999,230,0,1,0,0.807726585425298,-0.458057537148311,0.516616760749433,-0.85473005637042,1.04514125694488,-0.386986122511775,-1.25135378920744,-0.24227259947201,0.398559334055006,-2.19122739122122,0.355896523864207,1.45049486893231,-0.81,-0.35,0.97,0.021665533193897,0.634779827965309,-27.0964350499372,0.220381611609302,0.408855703699907,-2.2488960461311,-2.02871499198237,-1.73712574668058,-2.12410870030873,0.652704098333788,-3.38438174659248,-0.464373700702091,-0.10728389278812,-0.544535663693247,-0.892333786809464,-0.161705359390544,-0.110786677013953,-0.626973477608396,-0.966097916037143,-0.806976721681577,-0.942951405239481,-0.0168718697115968,-0.734149886160377,0,1,0,0,0,-0.161705359390544
"Food",-2.05,0.332602304086111,0.609737683837801,0.135747104655499,0.0796281444301243,0.362955862027877,0.407975895359995,1.04160945570377,2.38,230,0,0,1,0.231125123723976,-0.23389562964146,-1.43200275853094,-0.371279575340774,-0.234572974697373,0.782548630140265,0.707250430609173,-1.34821108324185,0.60212048297355,-0.770338236579104,-0.958334925649282,-0.227522735394387,-0.63,-2.05,-1.49,0.108644025826053,0.426676141110354,-15.0907043946888,1.52732445607559,0.981408860115212,0.0940005252734023,3.06603285895538,2.88610427954144,3.44385737757036,-6.05639823969322,5.88040401162323,-0.400465218725562,-0.225494479881027,-0.265403439173627,1.47678327178143,0.262959845524422,0.0796531740347252,-0.158674715068885,0.623869575103784,0.886271257969224,0.811933844270774,-0.683790626284284,1.22782213467869,0,0,1,0,0,0.262959845524422
"Fun",-5.83,0.558496855180108,1.13960095265428,0.136833499107775,0.0656055764008815,-0.674374421217686,-0.69125765630554,2.81923798593528,4.16,230,0,0,0,-1.05096518523544,-0.073819113984075,0.689564833756159,-0.368565426533123,-0.275719650354382,-1.58508103628916,-1.6374115227348,1.6658378389885,0.786987240664879,-3.27883296698141,0.553269048686388,-3.15859137240355,-3.7,-5.83,-6.9,0.388163001481446,-0.811754343932692,-19.4039327560932,-0.899880549393868,1.54846001180375,-2.15485098575113,-1.66797437218772,-1.41018426244637,-1.13857872168995,-2.73520429943986,-0.0250565982949183,-0.195085326787009,-0.928968776387496,-0.0660720076839559,0.625644496305574,-0.525712371766949,0.268262974984308,-0.60817572702204,-0.853518083827791,-0.687235111486161,-0.632336721486408,-0.353647125503838,-0.022757078828996,0,0,0,1,1,-0.525712371766949
"Gold",-10.3,4.96301311371404,0.304105576101998,-0.232448761178611,0.0594267165554593,-0.70974858064798,0.896832305561984,2.24062435399781,-2.78,230,0,0,0,-2.5670878521795,3.0473700090286,-2.65575087072413,-1.29114654275899,-0.293850390847815,-1.66581993945713,1.74997972495451,0.684772467866342,0.0662146011267729,-6.62753919898238,1.26237355291766,-5.05839848044979,-5.41,-10.3,-2.98,5.06667062029009,7.23142991212458,-2.30592365454181,5.67581445161787,6.89632761084195,14.8007705489054,14.3382614455336,13.453920306461,3.79596003949516,10.5345564476132,15.5096800576255,3.24250379191824,3.63985721307055,2.22445051830048,3.99963198558176,1.61092954557973,2.04704473101422,2.78091821749126,4.14170353465293,4.75671097985459,0.922907898186076,0.965434309173494,3.26698101824371,1,0,0,1,1,1.61092954557973
"Guns",-0.44,3.60219216651929,0.449170836610243,-0.0969097816212968,0.0834195830059785,-0.245565174349016,0.541257684459742,1.49120644330043,14.24,230,0,0,0,0.777200625688169,2.08304628096366,-2.07491091903543,-0.952528318977741,-0.223447687729336,-0.606355638483352,0.991540097261268,-0.58589922063507,1.83387314938881,-1.96219063733099,0.874370967243506,0.562234159707157,-0.89,-0.44,-0.33,2.98421236164262,2.7578029793381,-23.2458987650154,-1.15395148492105,-3.03820637122362,-2.75418773333465,1.05325034804954,1.33349733263615,3.54388164797253,-5.14818163490947,-0.946400424957141,1.71239281778941,1.09867173888951,2.22445051830048,-0.132499049608899,-0.608267692648368,-1.25733172833111,-0.727971308552797,-0.00427903061931228,0.317632327799555,0.843459021376137,-0.593509295303846,-0.217866912629644,0,0,0,0,0,-0.608267692648368
"Hardw",-3.36,-0.979128290029156,1.12606456928102,0.240378656560178,-0.188065872546924,0.376784421503771,0.340844096522813,1.77805052836318,-2.43,230,1,0,0,-0.213197179116455,-1.16343227393081,0.635365280830675,-0.109877649686932,-1.02007238314426,0.814111294595284,0.564058499872898,-0.0995422058098674,0.102564806290799,-2.85275162466953,-0.525837825669157,0.0700597076701371,-2.16,-3.36,-1.54,-0.60694747813285,-0.698962686773485,-26.2218516331115,-3.0394932437462,-0.650366581569564,2.00864862779829,-3.28646175500846,-3.04708312101947,-1.1068798703453,0.0146314518917667,4.72404875297848,-0.926254587445978,-0.864898945557134,-1.42288659132364,-0.719750330503387,-1.22093716077205,-0.463100050844768,0.224025634598505,-1.35861517573453,-1.2867457716634,-0.622346027241314,-0.0802995228502578,0.982944732996814,0,0,0,1,1,-1.22093716077205
"Hlth",-0.76,1.23303369755833,0.912360307142018,0.648802298346124,-0.304376694664088,0.0564316751352497,0.426113109883078,1.8756965194492,-6.57,230,0,0,1,0.668663879956156,0.40418049639834,-0.220304593966324,0.910490723924336,-1.36136533769257,0.0829298393974703,0.7459370561834,0.0660209527397008,-0.327406191935104,-2.6984991303402,-0.252553141996105,2.21577277469246,-0.86,-0.76,-0.73,1.48446593698559,0.959237641003003,-18.6852859131609,2.17355901601268,3.20967629222319,2.36452684949534,1.97725749639985,0.14500614733982,0.459111120180526,-0.230185692633404,3.20333221053407,0.610436294411787,0.0770201392341423,0.529145511873764,0.767456647817497,0.47294097284058,0.820808668703693,0.295158664058521,0.284084863030186,-0.117649993634121,-0.128784383419927,-0.104635587108657,0.660907787322459,0,0,1,1,1,0.47294097284058
"Hshld",-3.48,0.813350565483745,0.726355324852729,0.0968938376696708,-0.179601366147023,0.600332687682077,0.373750725889892,1.26946845548977,-9.96,230,0,0,1,-0.25389845876596,0.106778840903235,-0.965066810283629,-0.468347033704488,-0.995234828517526,1.32434368193736,0.634248244147786,-0.961865926733795,-0.679483893380951,-4.75065129615719,-0.062766638906438,1.33956168300005,-2.67,-3.48,-1.75,0.72993303240712,0.896007540409087,-17.2992715067655,2.60316557621405,1.92403530368115,-2.82879252932814,2.58561757940215,2.00785859694097,1.85090416228616,-4.45009095210639,-1.63533297177668,0.0560342684203248,0.041103104672616,0.158813252492768,1.04096189859609,0.612533120035994,0.39318500508978,-0.742883334149522,0.473941708389747,0.564615679668809,0.309874373799466,-0.524115545336556,-0.363759803882603,0,0,1,1,0,0.612533120035994
"Insur",-1.83,-0.513213618973412,0.840069037815396,-0.0886139746643737,0.213381594403546,0.141241929292683,0.213418671094609,1.22591034357964,6.97,230,0,1,0,0.305744136414735,-0.833269386977306,-0.50975816290541,-0.931802831551465,0.157902199078592,0.27650297324285,0.29226043981779,-1.03572065961211,1.07882745926748,-0.49307315343341,-0.736505994993728,-0.528329892653644,-1.07,-1.83,-1.7,-0.287685610796334,-0.72715119181834,-25.8189379238338,0.834443753939212,0.990960855396541,1.85816578497401,1.55098125742059,0.705804603435812,0.671714818216453,-0.106046791532583,2.97072542823667,-0.691673133146028,-0.880911058465763,-1.01175919633422,-0.640242488023797,0.0378219777131259,0.082830312328719,0.19394708570388,0.15105269302827,0.0877412257925687,-0.0617769540541397,-0.0922955515281586,0.611649443887997,0,1,0,0,0,0.0378219777131259
"LabEq",-3.68,0.320786737540543,0.912912684511977,-0.255726345916618,-0.232524299629838,0.0994498506133928,-0.0473133187008881,1.72550303927894,-9.25,230,1,0,0,-0.321733924848469,-0.242268539541113,-0.218092880122799,-1.34930113727967,-1.15052755195404,0.181115643960169,-0.263880132462687,-0.188638830974649,-0.605744905762499,-6.06170937543223,0.405521572368691,1.93649438683447,-4.14,-3.68,-1.21,0.476546611610466,1.04031069658935,-22.8853157067676,-2.37618751351325,-1.5200360953624,1.11516614660328,-1.50411933577065,-0.940493068406083,-1.25869219802535,-2.61230129052675,1.03791631252349,-0.130144418017307,0.123072631831053,-0.27582960386854,-0.0613444069749395,-1.00540909461114,-0.752365302136389,0.0454361290261224,-0.802382249673626,-0.515211729379348,-0.670193519631391,-0.341429943867065,0.202345062155345,0,0,0,1,1,-1.00540909461114
"Mach",-1.46,-0.299230566118027,1.16366166098541,0.483923463607215,0.355234795663078,0.159314000249519,-0.110822436296322,1.71266272268383,1.2,230,0,0,0,0.431239748667376,-0.6816337616604,0.785903685771347,0.498572482096322,0.574144619936329,0.317751138867929,-0.399344894697101,-0.210410163812983,0.479568362706263,-0.493718583240357,-0.291323290921622,-0.646442709071833,-2.42,-1.46,0.73,-0.293191990640358,-0.595351371808139,-27.8646790200276,-1.16247367437724,-0.345196104830378,1.52554968686289,-1.78724356847236,-0.74596338221914,-0.936531310660135,-5.24224161803498,4.26674835651298,-0.695719011228854,-0.806043888462166,-0.822938580548558,-1.04393304777615,-0.611036809405892,-0.361595728523803,0.127463695422259,-0.890739581404396,-0.443965653313496,-0.568656372799186,-0.602859334076359,0.886103790702137,0,0,0,0,0,-0.611036809405892
"Meals",-2.79,0.48445646743004,0.968433621325354,0.315000917597785,0.0621087674635904,0.0881908608887491,-0.0752877814238285,1.63256844294619,2.31,230,0,0,0,-0.0198661007813057,-0.126286635805886,0.00421243366085472,0.0765518008639361,-0.285980400231095,0.155417832456309,-0.323549579699206,-0.346213608354125,0.594850441940744,-1.41808526250883,-0.065272684894813,-1.30025300691678,-2.76,-2.79,-1.09,0.427222222488024,0.708908897236407,-19.3146125776479,3.27196529082059,6.04059809504053,0.547014347378931,3.83055875834652,0.993658061965086,-1.5748970150855,2.66437857737355,-0.915727498746427,-0.166386099585257,-0.0651758411162878,-0.131405927456683,0.643270242252034,0.829846347659531,1.76241613417356,-0.0681261970956233,0.862462604971484,0.193166931268116,-0.769853460356877,0.183098763406626,-0.211371411860043,0,0,0,1,0,0.829846347659531
"MedEq",-4.67,-0.29969458702795,0.891232538072223,0.149140504121047,-0.231913486654142,0.00110943755058806,0.163064496025782,1.67043403895176,-5.09,230,0,0,1,-0.657519481956886,-0.681962582564193,-0.304899984501554,-0.337818727751176,-1.14873523236281,-0.0433390771031527,0.18485513154912,-0.282010791573641,-0.173696752955795,-2.76317346529244,-0.741653629001016,-1.0925780841246,-2.7,-4.67,-2.82,-0.181371167821617,0.728519397449624,-21.2725297672407,-1.24962422112648,-1.51871105650123,-1.26159626372609,1.07892424375724,0.705155459910872,-1.74945370003554,-3.91405528506561,-0.938720427390932,-0.613557331675096,-0.0540363520547334,-0.823348036871289,0.256910165854278,-0.639354654329578,-0.751924574143664,-0.429631746010476,0.00373327160652993,0.087503478383101,-0.824869411843946,-0.470830884806757,-0.216240545788765,0,0,1,1,0,-0.639354654329578
"Mines",0.61,-0.0386739237320942,1.23030380819514,0.0761610475753374,0.740183427307733,-0.573815465404001,-0.0636926053330144,2.17692270912141,0.110000000000005,230,0,0,0,1.13333682262134,-0.496994516302189,1.05273822237999,-0.520143945402528,1.70370637052727,-1.35556265544643,-0.298817102982804,0.576763471150359,0.366363438052584,-1.61106532794432,0.0865583124157383,2.12603448198928,-4.24,0.61,7.26,0.119092737710258,0.860174079038875,-24.0135943218131,2.80269851082531,-0.0287324393972245,3.89432486171176,1.80591315089967,1.50410349612904,-1.78792471614751,8.71410939748619,-2.98533393847524,-0.392787903392521,0.0207483739604395,-0.593021000600741,-0.283990090982439,0.677367397160467,-0.256335120609709,0.600935079799695,0.230611767382094,0.380116465515361,-0.83699452499375,0.784472651129359,-0.649644895442278,0,0,0,0,1,0.677367397160467
"Oil",0.78,1.17921815272953,1.02428223392746,-0.217457405676798,1.07948041701721,-1.27671239287725,0.82413220460414,2.21083711262518,23.16,230,0,0,0,1.19099696879147,0.366044982005989,0.227829758250034,-1.25369350756073,2.69931168032937,-2.95987291690035,1.59491062206745,0.634266863782846,2.76028409242626,1.94933862346018,0.00423465892928268,-1.17398778087961,-2.3,0.78,2.32,1.48368155956308,0.835157729958218,-30.6842035878885,0.217920765091554,0.142366536875452,7.20415839705166,1.23861159185831,-1.44231004886814,0.838626136247054,8.03837612444173,5.10544699600229,0.609859963771278,0.00653816290441593,0.481658179686377,-1.60031599044321,-0.162504962751279,-0.199425009835095,1.26250544860274,0.0535684547511651,-0.699001111154104,-0.00917063320173453,0.717301340940919,1.06371213562632,0,0,0,0,1,-0.162504962751279
"Other",-2.26,0.670066079709772,0.830134571966138,-0.0845635719111859,0.464900587749153,0.016267068040125,-0.101806019276266,1.16405429909425,1.69,230,0,0,0,0.159897884337342,0.00524261030635954,-0.549535671619206,-0.921683674757141,0.89593894236176,-0.00874290633725283,-0.380112903542558,-1.14060035806651,0.530458649935899,-1.42393049659805,0.0537763368846925,-0.89510959607347,-1.27,-2.26,-2.19,0.541962818170015,0.882941139052977,-21.6254679969204,1.38372937411898,1.58525902321665,-1.91042603168688,0.675455919602486,0.922129257280142,0.809913807357496,-5.182331912559,-0.963288024092216,-0.0820790821926875,0.0336809056772956,0.0323777031567294,0.187264093942984,0.216301466267764,0.280502883495314,-0.559320005041343,-0.122181010685789,0.166969661538366,-0.0182200494055354,-0.596904005886444,-0.221443141790991,0,0,0,0,0,0.216301466267764
"Paper",-2.58,0.359418748766252,0.750490061743114,0.476907058845752,0.228351667301847,0.540967491064441,-0.0431840139666531,1.25112854238899,-11.37,230,0,0,0,0.0513611386053281,-0.214892590365273,-0.868431548606805,0.481043336418696,0.20182915545517,1.18884701039937,-0.255072337531888,-0.992962072174255,-0.825923291327454,-2.29704615577378,-0.73364125148792,0.522497958271418,-2.04,-2.58,-1,0.0985697489194107,0.26791152511816,-21.8630364167519,-1.56208094833701,-1.20311658264558,-3.56235226308561,-0.796978119151373,0.44810167690369,3.94952096319629,-7.71911764705336,0.41175964763945,-0.40786741350534,-0.315678650808753,-0.241740361513414,0.140384198652382,-0.740881282406497,-0.646953072512015,-0.889507440292416,-0.581697815631703,-0.00664191266813882,0.971306504811017,-0.84907335768647,0.0697460049051539,0,0,0,0,0,-0.740881282406497
"PerSv",-2.29,0.61714854634064,1.00271093295227,0.427599927772444,-0.0474883052951104,0.192297609334537,0.0176858759783285,1.75104510548933,-0.720000000000002,230,0,0,0,0.149722564424965,-0.032256542806852,0.141458470097454,0.357858897533845,-0.607573078288038,0.393033787641339,-0.12523704016311,-0.145331111828771,0.280161522949323,-2.18645167984949,0.0343549338935975,-0.141265996703132,-1.78,-2.29,-2.03,0.529198307303668,0.473169596323223,-19.6745404402071,5.14149213315267,4.2275228510519,-1.78811861081029,2.56019514504333,0.0786527006282663,0.274873126822254,5.03370828395913,-4.28801508877168,-0.0914579583717806,-0.199084478598726,-0.014317215451477,0.572244890814687,1.43731208570196,1.15935984929163,-0.534873166651216,0.466007882151664,-0.141951799719901,-0.186851643963826,0.418622137803605,-0.925509231181468,0,0,0,1,1,1.43731208570196
"RlEst",-2.93,0.667970939322253,1.21392865972877,0.760167900753688,0.245276332406647,0.0839547674814385,-0.173443550320513,2.00103067661363,-14.02,230,0,1,0,-0.0673509270390617,0.00375792299795475,0.98717228046685,1.18871638713019,0.25149150718835,0.145749262490787,-0.532915547909123,0.278530639041202,-1.10114627328365,-3.00792997907022,0.166560442425325,-0.104933795702795,-5.39,-2.93,-1.31,0.904070455901681,1.77263758561994,-25.4384300614855,4.73272455755715,2.94855337027677,4.81332892144207,3.70587145722677,0.868512533180666,-2.95529079565302,11.3193894341606,2.06004308042662,0.183983811509175,0.539061376694403,0.0305289319907432,-0.565156040267853,1.30449115402323,0.733955230199895,0.78462584498038,0.823550226746129,0.147332652511774,-1.20491945216629,1.04345068351596,0.418797355031982,0,1,0,0,1,1.30449115402323
"Rtail",-6.58,1.00409639648808,1.04925093484565,-0.0897891360573697,0.0343427463847222,0.228783809282061,-0.456024227215181,1.86588444948005,-11.15,230,0,0,0,-1.30534818304484,0.241947785242405,0.327804204125233,-0.934738747587223,-0.367454739398879,0.476310841060384,-1.13565930592235,0.0493841479110079,-0.803074590938637,-6.67395775086072,1.26187797705766,-1.29143584456729,-3.32,-6.58,-6.58,0.420929041787476,0.920587747970843,-17.570862643563,-0.621602447977068,-0.293787155066625,-4.04979093290978,-1.6666344892045,-0.201033906855258,0.1991362044907,-3.04380814120364,-3.14967862616187,-0.171010088955559,0.0550655712230806,0.327129129793234,0.987368226238655,-0.435291411537604,-0.34449633325215,-0.986936805582633,-0.85309993351936,-0.24438641369559,-0.210722049419596,-0.384323910571806,-0.684447608362951,0,0,0,1,1,-0.435291411537604
"Rubbr",-10.62,1.32538059425775,0.970514515072615,0.117929675171275,-0.0490072673709112,0.238159569740184,-0.0676638318652888,1.7117287890094,-21.59,230,0,0,0,-2.67562459791151,0.469620629344547,0.0125443128398806,-0.4157930160056,-0.612030196252303,0.497710321018237,-0.307287717570783,-0.211993690256758,-1.887349282117,-7.17600662953194,0.844718941518138,-4.3713954115471,-3.65,-10.62,-8.56,1.21133336587986,2.20256425192646,-20.1497563779411,-3.12684601282772,-2.4298321638467,-3.16666014476594,-0.802574289598984,-0.373011965183554,1.47615337591173,-9.67514107890774,0.01761355304584,0.409748889175473,0.783275616235544,0.610633263674667,0.478469491638318,-1.24932071383939,-1.05497725322857,-0.81041639904997,-0.583444266947237,-0.30737300492229,0.191762190992965,-1.0435119948206,-0.0137209666899432,0,0,0,1,0,-1.24932071383939
"Ships",-1.68,0.137256936172009,1.04737894675537,0.730471281359022,0.376577222563814,0.187494138134169,0.194822749844489,1.59376030864035,5.54,230,0,0,0,0.356620735976616,-0.372323961330114,0.320308781250661,1.11452506191457,0.636770090220136,0.382070219817746,0.252595394135301,-0.412014541107523,0.93031090674018,1.32399553104502,-0.695188792513215,-2.24076000568397,-2.8,-1.68,0.32,0.377938528047161,0.0500661789704828,-27.4568559571394,-4.48836644228584,-2.3966393295008,2.49371913052964,-2.59251635487477,-1.00056218754147,-1.04734051126714,8.58670583423946,-2.64217935876592,-0.202597880251898,-0.439422860499391,-0.437777990186996,-0.963456431823335,-1.69171982457316,-1.04393681382502,0.320981650047934,-1.14204888842822,-0.53721191410702,-0.603580693266548,0.771808091594793,-0.576976222708487,0,0,0,0,0,-1.69171982457316
"Smoke",-3.53,1.26911598017038,0.536334252148408,0.132176526974617,0.266194337320385,0.279241068103959,0.375655654524337,1.35405187561933,-1.11022302462516e-15,230,0,0,1,-0.270857325286587,0.429749621680595,-1.72590941520997,-0.380199980940123,0.312871588339132,0.591475803274403,0.638311451358166,-0.818450943263163,0.354939087858176,-2.08275875065389,-0.500723191265975,-0.897506080911145,-2.65,-3.53,-2.37,0.678759705340685,1.15491881620707,-15.529031628682,5.78345946561522,2.76587549554439,-8.93472373014855,6.11070286220547,4.15658156819635,2.33185719891053,-15.8363102582784,-5.90233937845933,0.0184340577069096,0.188174280486937,0.56098485022718,1.39028720110337,1.6459066619248,0.67319380243704,-1.96333841543442,1.57404934220032,1.35158081211336,0.461458880219586,-1.65596341993155,-1.26736916961765,0,0,1,0,0,1.6459066619248
"Soda",-1.96,0.500076088676921,0.684750264093271,-0.0396731048180207,-0.0303377980135694,0.477086592331418,0.320439457274509,1.2095146506538,-2.79,230,0,0,1,0.261651083461105,-0.1152180441423,-1.1316530859837,-0.809533426308718,-0.557248033760167,1.04304358269527,0.520535463986013,-1.06352029252298,0.0651760238363722,-3.36509426060156,-0.291323440424645,1.72493313242611,-1.69,-1.96,-1.4,0.475343826590256,0.571147431100023,-15.452398780835,5.44098543512851,1.86892524296928,0.705991818261931,5.13520824510434,3.09572129797639,0.0409149280515722,-3.76798450141173,3.64840862269164,-0.131028178616733,-0.143429446503452,-0.117623029872882,1.40540932838541,1.53462650537436,0.374854564264057,-0.0363497397842617,1.26961725363517,0.963043036780205,-0.260589484008471,-0.4563107090071,0.755160098231454,0,0,1,1,0,1.53462650537436
"Softw",-8.49,-0.259674199883773,1.0849757964318,-0.34434584366049,-0.343148615825139,-0.116921484709435,-0.257554631050029,2.0946875769878,-16.9,230,1,0,0,-1.9531768841328,-0.6536027832761,0.470846217113629,-1.5707000073053,-1.47513448905529,-0.312735929400294,-0.712324237302133,0.437330115327412,-1.40025653291906,-7.89205934984993,0.528840059888332,-1.17854483319747,-4.11,-8.49,-8.76,-0.0989096481212915,0.189142057308194,-20.8495739250572,1.49142025213076,0.405529100443792,0.720270925325109,0.0295596196561758,-0.741414848795159,-0.319193931382411,2.70779366812245,-0.118181014039749,-0.552967749284735,-0.360422620392059,-0.788033678824202,0.340372966205343,0.251293485216397,-0.111893155637805,-0.0334956282330008,-0.323752148180615,-0.442299762802566,-0.374086893439417,0.187414443341128,-0.0424777181310245,0,0,0,1,1,0.251293485216397
"Steel",-3.49,1.11371790040996,1.41217976207112,0.323575412699556,0.750348674863364,-0.0965597147402358,0.0834414361703935,2.50440837411709,-1.44,230,0,0,0,-0.257290232070086,0.319629288864134,1.78096784739526,0.0979735373316713,1.73353444076893,-0.266261695090606,0.0150193775649994,1.13203010804303,0.205383958040471,-3.80503684887426,1.37689153363816,-1.19662810366672,-5.92,-3.49,1.05,0.850040772946037,2.79706965408905,-28.2442772545586,-1.2726440745263,-0.571935318090655,-5.07069364736859,-2.45585873541407,-1.45996263013115,1.96602870790232,-6.3920626707714,-5.20927131728893,0.144284859332901,1.12097666171739,0.42386015403873,-1.1188399966877,-0.64683449998812,-0.437012624782883,-1.19099509978539,-1.0994008165871,-0.705466330792689,0.346158784324348,-0.717157371002352,-1.12060051462229,0,0,0,0,1,-0.64683449998812
"Telcm",-3.59,1.38739665738992,0.712026036202958,0.293406230542444,0.195593146945906,0.0441896005894333,-0.0101710095680203,1.27023367172581,-7.7,230,1,0,0,-0.29120796511134,0.513567308239231,-1.02244114854977,0.0226016044136254,0.105705235123423,0.0549882094831975,-0.184655695625561,-0.960568468275921,-0.444765425750386,-2.19964889035697,-0.209083794889609,-1.16080169550454,-1.81,-3.59,-3.94,1.70399068740128,1.17882646705802,-17.777273014902,2.35484035251873,1.34367093721358,6.26055090305042,2.61825813789346,2.72309797365279,1.38399029439057,8.03230426825453,4.41235123073285,0.771734715789081,0.201754709963288,0.665356808707612,0.946636816726674,0.53184475447155,0.200147027278205,1.07389694272282,0.484128164797855,0.826570551633866,0.162714666268731,0.716697767679635,0.916937613828571,0,0,0,0,0,0.53184475447155
"Toys",-4.82,-0.600960563069034,0.998642213875462,0.612918208198704,-0.0393504362431161,-0.54038918664122,-0.919440498916795,2.78160314437223,-22.15,230,0,0,0,-0.708396081518767,-0.895449837999189,0.125167356816915,0.820841186149947,-0.583693981554592,-1.2792696458666,-2.12412485919169,1.60202627671758,-1.94550961037944,-4.36641125267792,-1.11341907733124,0.768814438094309,-4.68,-4.82,-4.77,-1.46188316001387,-1.67411161649583,-20.1641298157542,0.182981847693943,2.28551363412438,-9.27329311247862,-0.463172922737981,-1.62250132805404,4.48676387202029,-23.3819902643846,-2.94149603378281,-1.55442874824288,-1.41881958592446,-1.08918790760998,0.475633149753643,-0.173857672304712,0.513418172326049,-2.03101174967977,-0.477523982853401,-0.764995776723784,1.14063218727968,-2.40604223429759,-0.640361492166332,0,0,0,1,1,-0.173857672304712
"Trans",-1.89,-0.420614623773111,1.05477837892517,0.41181854599388,0.289796043156458,0.169056149312386,-0.194790908576075,1.65378811522367,-11.54,230,0,0,0,0.285393496589983,-0.76765060851075,0.349936038727533,0.318432132745408,0.382126501773237,0.339986873723612,-0.578449400683521,-0.310234702035774,-0.843579105264266,-2.42695922588419,-0.563765200515656,1.15590710540955,-3.07,-1.89,-0.47,-0.439212168683154,-0.403929582887775,-24.6378811208724,-1.22194385786861,1.11709330428094,-1.40150997682343,-1.5771633209425,-1.24325313727647,-1.10622743493519,-1.79742903588908,-2.54559112431813,-0.803009073797811,-0.69730923607505,-0.930048990495297,-0.407181968892665,-0.630360468252661,0.124783875083206,-0.457597734567332,-0.825177796233449,-0.626096948593206,-0.622140395730373,-0.26042751411603,-0.556522062356127,0,0,0,0,0,-0.630360468252661
"Txtls",-4.08,0.749264900870831,1.19740583676866,1.45461057919324,0.213511744420604,0.67051161731255,-0.0285035963848248,2.32857700080553,-16.75,230,0,0,0,-0.457404857013486,0.0613655724328756,0.921015051256446,2.92364863362582,0.158284100633817,1.48452189945889,-0.223759049731346,0.833900126322391,-1.38467787356305,-2.61659209404966,-0.295240320845796,-1.13926876013086,-3.7,-4.08,-3.62,1.53431850445671,-0.0186773108352786,-20.6268970354043,6.68974924691734,7.08739550176061,8.88690561752252,2.82048372029051,-1.20700558373133,6.47488101285983,22.1948696086375,-5.35251424200228,0.647066061303543,-0.478471703946447,0.102263472060289,0.384314283312942,1.94038758533976,2.11059680522607,1.59885339098796,0.547238668260584,-0.612821360647229,1.76723755734809,2.12452850133114,-1.15093457930604,0,0,0,0,1,1.94038758533976
"Util",-0.35,2.48235390289952,0.632318035917062,-0.0933891737067424,0.0533815507908278,0.118909337451282,0.575255197252447,1.11608465932216,-7.79,230,0,0,1,0.807726585425298,1.2894910293123,-1.34159123915765,-0.943732753284755,-0.31158883037554,0.225530483741697,1.06405669269506,-1.22193503434785,-0.454112621363992,-4.60387830320264,0.669009908195148,3.51938411363561,-1.06,-0.35,-0.17,2.41885503039582,3.03073280505112,-20.6058991341398,2.93383569536779,2.05903909416326,1.6523074563966,7.47208041870287,5.04008208707957,1.36213920863695,-1.26088931285463,3.57696384204709,1.29698979434214,1.25370596927865,1.63155716241422,0.388457845042659,0.719977829270408,0.4380893104147,0.152800070633785,1.99890767107744,1.67516096281634,0.155827744269122,-0.207092747867224,0.74003048117201,0,0,1,1,0,0.719977829270408
"Whlsl",-1.79,0.24231234578884,0.978799045557971,0.502064037941732,0.0669220742214926,0.421472228171477,0.212700169705381,1.35727653475553,1.01,230,0,0,0,0.319311229631237,-0.297878146497582,0.0457154957269383,0.54389323838052,-0.271856626925658,0.916107908887779,0.290727878454286,-0.81298338903081,0.45983539418865,-0.724607607093085,-0.373077009419064,-0.655797718265094,-1.82,-1.79,-1.07,0.253087200371254,-0.0548628168430471,-24.2505800525211,-1.10276568141244,-0.216527374524211,0.916049871382355,-0.0104942816841321,-0.301391608697773,-0.342136191590056,-0.409453883554073,1.49305525862116,-0.294333878233214,-0.499026409026774,-0.345076129592125,-0.330755002955329,-0.591635879078436,-0.318798560156863,0.0056367172955672,-0.33625215856145,-0.281142204543855,-0.38131772664955,-0.122455753348215,0.29872828149163,0,0,0,1,0,-0.591635879078436
