observation_date,UNDCONTSA
2000-01-01,991
2000-02-01,998
2000-03-01,988
2000-04-01,989
2000-05-01,985
2000-06-01,982
2000-07-01,979
2000-08-01,976
2000-09-01,970
2000-10-01,972
2000-11-01,970
2000-12-01,969
2001-01-01,986
2001-02-01,987
2001-03-01,1001
2001-04-01,1007
2001-05-01,1015
2001-06-01,1013
2001-07-01,1017
2001-08-01,1011
2001-09-01,1014
2001-10-01,1008
2001-11-01,1011
2001-12-01,996
2002-01-01,996
2002-02-01,1005
2002-03-01,1013
2002-04-01,1011
2002-05-01,1019
2002-06-01,1023
2002-07-01,1029
2002-08-01,1013
2002-09-01,1024
2002-10-01,1026
2002-11-01,1031
2002-12-01,1033
2003-01-01,1049
2003-02-01,1044
2003-03-01,1044
2003-04-01,1043
2003-05-01,1047
2003-06-01,1064
2003-07-01,1078
2003-08-01,1102
2003-09-01,1121
2003-10-01,1135
2003-11-01,1158
2003-12-01,1183
2004-01-01,1191
2004-02-01,1197
2004-03-01,1219
2004-04-01,1222
2004-05-01,1233
2004-06-01,1229
2004-07-01,1247
2004-08-01,1238
2004-09-01,1247
2004-10-01,1264
2004-11-01,1268
2004-12-01,1280
2005-01-01,1302
2005-02-01,1322
2005-03-01,1311
2005-04-01,1324
2005-05-01,1322
2005-06-01,1329
2005-07-01,1338
2005-08-01,1356
2005-09-01,1377
2005-10-01,1376
2005-11-01,1395
2005-12-01,1405
2006-01-01,1424
2006-02-01,1423
2006-03-01,1423
2006-04-01,1401
2006-05-01,1409
2006-06-01,1383
2006-07-01,1363
2006-08-01,1339
2006-09-01,1317
2006-10-01,1283
2006-11-01,1265
2006-12-01,1247
2007-01-01,1217
2007-02-01,1206
2007-03-01,1192
2007-04-01,1181
2007-05-01,1164
2007-06-01,1161
2007-07-01,1144
2007-08-01,1123
2007-09-01,1108
2007-10-01,1096
2007-11-01,1080
2007-12-01,1059
2008-01-01,1041
2008-02-01,1025
2008-03-01,1014
2008-04-01,1009
2008-05-01,991
2008-06-01,975
2008-07-01,955
2008-08-01,936
2008-09-01,904
2008-10-01,876
2008-11-01,842
2008-12-01,806
2009-01-01,783
2009-02-01,756
2009-03-01,717
2009-04-01,677
2009-05-01,650
2009-06-01,627
2009-07-01,611
2009-08-01,588
2009-09-01,576
2009-10-01,554
2009-11-01,532
2009-12-01,517
2010-01-01,501
2010-02-01,493
2010-03-01,492
2010-04-01,488
2010-05-01,476
2010-06-01,447
2010-07-01,443
2010-08-01,444
2010-09-01,439
2010-10-01,436
2010-11-01,431
2010-12-01,427
2011-01-01,431
2011-02-01,424
2011-03-01,420
2011-04-01,417
2011-05-01,415
2011-06-01,416
2011-07-01,417
2011-08-01,414
2011-09-01,417
2011-10-01,422
2011-11-01,433
2011-12-01,434
2012-01-01,441
2012-02-01,450
2012-03-01,458
2012-04-01,463
2012-05-01,474
2012-06-01,486
2012-07-01,490
2012-08-01,495
2012-09-01,511
2012-10-01,520
2012-11-01,534
2012-12-01,551
2013-01-01,559
2013-02-01,581
2013-03-01,596
2013-04-01,606
2013-05-01,620
2013-06-01,629
2013-07-01,640
2013-08-01,654
2013-09-01,661
2013-10-01,670
2013-11-01,687
2013-12-01,707
2014-01-01,713
2014-02-01,714
2014-03-01,726
2014-04-01,743
2014-05-01,754
2014-06-01,771
2014-07-01,790
2014-08-01,793
2014-09-01,797
2014-10-01,806
2014-11-01,814
2014-12-01,826
2015-01-01,830
2015-02-01,830
2015-03-01,843
2015-04-01,868
2015-05-01,878
2015-06-01,896
2015-07-01,908
2015-08-01,921
2015-09-01,939
2015-10-01,943
2015-11-01,962
2015-12-01,970
2016-01-01,968
2016-02-01,982
2016-03-01,987
2016-04-01,998
2016-05-01,1010
2016-06-01,1016
2016-07-01,1033
2016-08-01,1038
2016-09-01,1038
2016-10-01,1053
2016-11-01,1042
2016-12-01,1057
2017-01-01,1063
2017-02-01,1070
2017-03-01,1071
2017-04-01,1075
2017-05-01,1071
2017-06-01,1073
2017-07-01,1075
2017-08-01,1083
2017-09-01,1093
2017-10-01,1101
2017-11-01,1107
2017-12-01,1100
2018-01-01,1105
2018-02-01,1109
2018-03-01,1121
2018-04-01,1124
2018-05-01,1131
2018-06-01,1126
2018-07-01,1127
2018-08-01,1129
2018-09-01,1135
2018-10-01,1141
2018-11-01,1144
2018-12-01,1148
2019-01-01,1150
2019-02-01,1140
2019-03-01,1125
2019-04-01,1124
2019-05-01,1132
2019-06-01,1143
2019-07-01,1146
2019-08-01,1149
2019-09-01,1162
2019-10-01,1159
2019-11-01,1166
2019-12-01,1177
2020-01-01,1192
2020-02-01,1214
2020-03-01,1213
2020-04-01,1194
2020-05-01,1178
2020-06-01,1184
2020-07-01,1204
2020-08-01,1216
2020-09-01,1221
2020-10-01,1229
2020-11-01,1249
2020-12-01,1259
2021-01-01,1278
2021-02-01,1285
2021-03-01,1304
2021-04-01,1321
2021-05-01,1339
2021-06-01,1372
2021-07-01,1387
2021-08-01,1413
2021-09-01,1441
2021-10-01,1466
2021-11-01,1495
2021-12-01,1524
2022-01-01,1547
2022-02-01,1580
2022-03-01,1629
2022-04-01,1668
2022-05-01,1681
2022-06-01,1687
2022-07-01,1683
2022-08-01,1700
2022-09-01,1704
2022-10-01,1714
2022-11-01,1700
2022-12-01,1694
2023-01-01,1691
2023-02-01,1683
2023-03-01,1678
2023-04-01,1680
2023-05-01,1690
2023-06-01,1691
2023-07-01,1700
2023-08-01,1695
2023-09-01,1681
2023-10-01,1682
2023-11-01,1691
2023-12-01,1681
2024-01-01,1670
2024-02-01,1658
2024-03-01,1639
2024-04-01,1609
2024-05-01,1591
2024-06-01,1571
2024-07-01,1549
2024-08-01,1520
2024-09-01,1489
2024-10-01,1464
2024-11-01,1436
2024-12-01,1430
