"industry","CAR_3day","RateVulnerability_z","MktBeta_z","SMBBeta_z","HMLBeta_z","RMWBeta_z","CMABeta_z","HistVol_z","PreMomentum_z","Z_precovid_2Y_z","Z_early_nonoverlap_2Y_z","Z_verylong_2Y_z","Z_termspread_z"
"Aero",1.39,1.01159368374971,0.34262077497927,0.211272927881702,0.724323771608098,-0.570199872470744,0.33284341077403,-0.235993018712892,0.352861933277374,-0.587271200717464,2.80236011804757,0.97568365343103,-0.384984966263444
"Agric",2.18,-0.0182208908983207,-0.536997465356429,-0.753702746049593,1.53927185343412,-0.717256536111323,-0.118147556494518,-0.347587719790149,1.37689914161249,-0.902413639289573,-0.564886564720259,-0.0921718528359658,-1.36374861452271
"Autos",-4.62,-2.57848176453598,1.88572865512967,-0.453357598646958,-1.2277684615522,-0.844314678575579,-0.949418549386652,2.86946126299299,-1.41998950143667,-0.895266954427671,-1.55416038778705,-0.941457347627772,0.103529606135527
"Banks",-3.11,-1.29025015413075,0.643285278254847,-0.408497211840878,2.05779354317848,-0.11595873131677,-1.57112976463743,-0.279989966456256,0.393366447603003,-0.749437119948244,-0.857910377423656,-0.942502996011581,-0.882353324322678
"Beer",-2.03,0.339647234861966,-1.38895394292984,-0.910700915791867,-0.864955927113427,1.02086171691532,0.829415865911837,-1.246625480334,0.713248253046427,1.036697865705,0.512049720157776,1.06850685963179,0.247125026174676
"BldMt",-4.45,0.938184656288333,0.871767879465851,1.79894048196159,0.228180679321815,1.31716583157587,-0.448364308871619,-0.0164436541101364,-0.418800993490367,0.0471329239643189,0.370972661412121,-0.0392555290399469,0.596434598221147
"Books",0.84,0.683658929820759,-0.0983351128653117,1.3337053824761,0.0639646290111274,0.3440820960178,-0.292510070988792,-0.185479490911612,-0.580819050792881,-0.155282925818831,-0.155114342009074,-0.362709525465164,-0.391016081501087
"Boxes",0.13,-1.12641531935491,0.0625416026137555,0.0315400055012554,0.448969851883817,0.826258190692229,0.0163834836725549,-0.229669504765731,-0.576664741631279,0.430267755737343,-0.117783112231075,-0.00159598129758361,-0.4288313868657
"BusSv",-6.4,-0.172710864086199,0.241423845236182,-0.309010215493254,-0.515116705109338,-0.255285483365897,-0.501505741485121,-0.0956871940984482,-0.643133688216925,-0.44263138617443,0.609261164032153,0.0600606016098481,0.242111248384986
"Chems",-1.24,0.152083610336848,0.218166005917009,0.0545363576258334,0.734421299167263,0.0656397530724604,-0.257012949113006,-0.57271055655533,-0.0594532510117153,0.0218552059577965,-0.979108729855069,-0.398048486986367,0.299106515496938
"Chips",-7.07,-1.59837493351786,1.31502627084809,-0.721719525100638,-2.13094792068151,0.435633095019884,1.02544338702657,0.500519712624598,-0.713756943964175,-0.793802369433382,-0.585419575313981,-1.06129108900732,-0.48129315670458
"Clths",-2.08,-1.72754768951954,0.98002640413553,0.717497890005939,-0.484656352931522,0.871622551364631,-1.00550813193983,0.628486022833034,-1.12191781909166,-0.75885092945773,-0.997466101749493,-0.754171980403738,-0.553367955269357
"Cnstr",-3.31,2.66266961716268,0.771846046234045,2.38122564068736,-0.734197199475055,1.29363333384998,0.243779987227314,0.360542606783835,0.210576844492474,2.20310758079725,1.50609179482241,1.65257328098611,2.31453316688384
"Coal",0.06,-0.0621014397911386,1.52181301492743,0.589582149356933,1.87840347225029,-3.07991548683503,4.18602220986903,3.40414547599036,2.51621842918209,-0.95640226950277,-1.28378338712824,-0.888759098251971,4.63348064105199
"Drugs",-1.28,0.41809673148131,-1.86774719730919,-1.05498575612151,-1.13376731931192,-0.148974251370233,0.310375203848479,-1.19564955168788,0.657165079364788,0.088880608917799,-1.08441925816832,-0.449678368533883,-0.429755424573912
"ElcEq",-5.06,0.561267120997224,0.482349514210738,1.0186360017625,-0.27043686797696,-0.131335880665881,-0.94221552854736,0.408515813705482,-0.838386218812262,-0.199037952360802,-0.43164252875096,-0.441813538937469,-0.552845670488439
"FabPr",4.75,0.806001585899569,0.180620484490313,1.90550446836349,0.603846378758197,-1.51572532320097,-0.370782334564609,1.66468192773214,1.13283347836832,-0.564787696065365,-0.180751969782545,-0.151685428120255,-1.12303607266541
"Fin",-0.35,-0.458057537148311,0.516616760749433,-0.85473005637042,1.04514125694488,-0.386986122511775,-1.25135378920744,-0.24227259947201,0.398559334055006,-0.806976721681577,-0.161705359390544,-0.966097916037143,-0.942951405239481
"Food",-2.05,-0.23389562964146,-1.43200275853094,-0.371279575340774,-0.234572974697373,0.782548630140265,0.707250430609173,-1.34821108324185,0.60212048297355,0.886271257969224,0.262959845524422,0.623869575103784,0.811933844270774
"Fun",-5.83,-0.073819113984075,0.689564833756159,-0.368565426533123,-0.275719650354382,-1.58508103628916,-1.6374115227348,1.6658378389885,0.786987240664879,-0.687235111486161,-0.525712371766949,-0.853518083827791,-0.632336721486408
"Gold",-10.3,3.0473700090286,-2.65575087072413,-1.29114654275899,-0.293850390847815,-1.66581993945713,1.74997972495451,0.684772467866342,0.0662146011267729,4.75671097985459,1.61092954557973,4.14170353465293,0.922907898186076
"Guns",-0.44,2.08304628096366,-2.07491091903543,-0.952528318977741,-0.223447687729336,-0.606355638483352,0.991540097261268,-0.58589922063507,1.83387314938881,0.317632327799555,-0.608267692648368,-0.00427903061931228,0.843459021376137
"Hardw",-3.36,-1.16343227393081,0.635365280830675,-0.109877649686932,-1.02007238314426,0.814111294595284,0.564058499872898,-0.0995422058098674,0.102564806290799,-1.2867457716634,-1.22093716077205,-1.35861517573453,-0.622346027241314
"Hlth",-0.76,0.40418049639834,-0.220304593966324,0.910490723924336,-1.36136533769257,0.0829298393974703,0.7459370561834,0.0660209527397008,-0.327406191935104,-0.117649993634121,0.47294097284058,0.284084863030186,-0.128784383419927
"Hshld",-3.48,0.106778840903235,-0.965066810283629,-0.468347033704488,-0.995234828517526,1.32434368193736,0.634248244147786,-0.961865926733795,-0.679483893380951,0.564615679668809,0.612533120035994,0.473941708389747,0.309874373799466
"Insur",-1.83,-0.833269386977306,-0.50975816290541,-0.931802831551465,0.157902199078592,0.27650297324285,0.29226043981779,-1.03572065961211,1.07882745926748,0.0877412257925687,0.0378219777131259,0.15105269302827,-0.0617769540541397
"LabEq",-3.68,-0.242268539541113,-0.218092880122799,-1.34930113727967,-1.15052755195404,0.181115643960169,-0.263880132462687,-0.188638830974649,-0.605744905762499,-0.515211729379348,-1.00540909461114,-0.802382249673626,-0.670193519631391
"Mach",-1.46,-0.6816337616604,0.785903685771347,0.498572482096322,0.574144619936329,0.317751138867929,-0.399344894697101,-0.210410163812983,0.479568362706263,-0.443965653313496,-0.611036809405892,-0.890739581404396,-0.568656372799186
"Meals",-2.79,-0.126286635805886,0.00421243366085472,0.0765518008639361,-0.285980400231095,0.155417832456309,-0.323549579699206,-0.346213608354125,0.594850441940744,0.193166931268116,0.829846347659531,0.862462604971484,-0.769853460356877
"MedEq",-4.67,-0.681962582564193,-0.304899984501554,-0.337818727751176,-1.14873523236281,-0.0433390771031527,0.18485513154912,-0.282010791573641,-0.173696752955795,0.087503478383101,-0.639354654329578,0.00373327160652993,-0.824869411843946
"Mines",0.61,-0.496994516302189,1.05273822237999,-0.520143945402528,1.70370637052727,-1.35556265544643,-0.298817102982804,0.576763471150359,0.366363438052584,0.380116465515361,0.677367397160467,0.230611767382094,-0.83699452499375
"Oil",0.78,0.366044982005989,0.227829758250034,-1.25369350756073,2.69931168032937,-2.95987291690035,1.59491062206745,0.634266863782846,2.76028409242626,-0.699001111154104,-0.162504962751279,0.0535684547511651,-0.00917063320173453
"Other",-2.26,0.00524261030635954,-0.549535671619206,-0.921683674757141,0.89593894236176,-0.00874290633725283,-0.380112903542558,-1.14060035806651,0.530458649935899,0.166969661538366,0.216301466267764,-0.122181010685789,-0.0182200494055354
"Paper",-2.58,-0.214892590365273,-0.868431548606805,0.481043336418696,0.20182915545517,1.18884701039937,-0.255072337531888,-0.992962072174255,-0.825923291327454,-0.00664191266813882,-0.740881282406497,-0.581697815631703,0.971306504811017
"PerSv",-2.29,-0.032256542806852,0.141458470097454,0.357858897533845,-0.607573078288038,0.393033787641339,-0.12523704016311,-0.145331111828771,0.280161522949323,-0.141951799719901,1.43731208570196,0.466007882151664,-0.186851643963826
"RlEst",-2.93,0.00375792299795475,0.98717228046685,1.18871638713019,0.25149150718835,0.145749262490787,-0.532915547909123,0.278530639041202,-1.10114627328365,0.147332652511774,1.30449115402323,0.823550226746129,-1.20491945216629
"Rtail",-6.58,0.241947785242405,0.327804204125233,-0.934738747587223,-0.367454739398879,0.476310841060384,-1.13565930592235,0.0493841479110079,-0.803074590938637,-0.24438641369559,-0.435291411537604,-0.85309993351936,-0.210722049419596
"Rubbr",-10.62,0.469620629344547,0.0125443128398806,-0.4157930160056,-0.612030196252303,0.497710321018237,-0.307287717570783,-0.211993690256758,-1.887349282117,-0.30737300492229,-1.24932071383939,-0.583444266947237,0.191762190992965
"Ships",-1.68,-0.372323961330114,0.320308781250661,1.11452506191457,0.636770090220136,0.382070219817746,0.252595394135301,-0.412014541107523,0.93031090674018,-0.53721191410702,-1.69171982457316,-1.14204888842822,-0.603580693266548
"Smoke",-3.53,0.429749621680595,-1.72590941520997,-0.380199980940123,0.312871588339132,0.591475803274403,0.638311451358166,-0.818450943263163,0.354939087858176,1.35158081211336,1.6459066619248,1.57404934220032,0.461458880219586
"Soda",-1.96,-0.1152180441423,-1.1316530859837,-0.809533426308718,-0.557248033760167,1.04304358269527,0.520535463986013,-1.06352029252298,0.0651760238363722,0.963043036780205,1.53462650537436,1.26961725363517,-0.260589484008471
"Softw",-8.49,-0.6536027832761,0.470846217113629,-1.5707000073053,-1.47513448905529,-0.312735929400294,-0.712324237302133,0.437330115327412,-1.40025653291906,-0.442299762802566,0.251293485216397,-0.323752148180615,-0.374086893439417
"Steel",-3.49,0.319629288864134,1.78096784739526,0.0979735373316713,1.73353444076893,-0.266261695090606,0.0150193775649994,1.13203010804303,0.205383958040471,-0.705466330792689,-0.64683449998812,-1.0994008165871,0.346158784324348
"Telcm",-3.59,0.513567308239231,-1.02244114854977,0.0226016044136254,0.105705235123423,0.0549882094831975,-0.184655695625561,-0.960568468275921,-0.444765425750386,0.826570551633866,0.53184475447155,0.484128164797855,0.162714666268731
"Toys",-4.82,-0.895449837999189,0.125167356816915,0.820841186149947,-0.583693981554592,-1.2792696458666,-2.12412485919169,1.60202627671758,-1.94550961037944,-0.764995776723784,-0.173857672304712,-0.477523982853401,1.14063218727968
"Trans",-1.89,-0.76765060851075,0.349936038727533,0.318432132745408,0.382126501773237,0.339986873723612,-0.578449400683521,-0.310234702035774,-0.843579105264266,-0.626096948593206,-0.630360468252661,-0.825177796233449,-0.622140395730373
"Txtls",-4.08,0.0613655724328756,0.921015051256446,2.92364863362582,0.158284100633817,1.48452189945889,-0.223759049731346,0.833900126322391,-1.38467787356305,-0.612821360647229,1.94038758533976,0.547238668260584,1.76723755734809
"Util",-0.35,1.2894910293123,-1.34159123915765,-0.943732753284755,-0.31158883037554,0.225530483741697,1.06405669269506,-1.22193503434785,-0.454112621363992,1.67516096281634,0.719977829270408,1.99890767107744,0.155827744269122
"Whlsl",-1.79,-0.297878146497582,0.0457154957269383,0.54389323838052,-0.271856626925658,0.916107908887779,0.290727878454286,-0.81298338903081,0.45983539418865,-0.281142204543855,-0.591635879078436,-0.33625215856145,-0.38131772664955
